aspect,AMBIGUOUS,MIXED,NEGATIVE,NEUTRAL,POSITIVE,n
water,15.57,2.31,17.71,58.61,5.8,14593
nutrients,14.08,2.19,14.82,62.5,6.41,11964
equipment,11.96,1.75,13.09,62.86,10.34,9907
price,14.89,3.44,24.46,42.52,14.69,5964
plant_health,16.56,3.77,39.44,20.82,19.41,5591
ease_of_use,15.09,3.78,27.87,27.94,25.32,4811
temperature,16.46,4.18,23.52,46.21,9.64,4430
growing_media,13.76,2.02,15.59,58.33,10.29,4003
hydroponic_kit,10.83,2.44,15.06,52.95,18.71,3858
pH,11.07,1.33,16.47,66.07,5.06,3758
EC_TDS,9.76,1.51,11.52,73.82,3.38,3575
sustainability,14.44,2.27,25.51,45.08,12.7,2999
light,13.63,2.75,12.66,58.23,12.74,2473
maintenance,16.63,3.36,17.46,47.57,14.97,2411
oxygen,15.48,2.46,17.36,57.99,6.71,2235
sensors,10.29,0.72,12.35,70.32,6.33,1944
automation,10.92,1.65,10.26,63.73,13.43,1511
support,11.93,1.83,21.67,40.6,23.97,872
software_app,10.18,2.11,14.04,60.18,13.51,570
AI,12.79,4.26,22.87,37.6,22.48,258
