record_id,platform,text_language,bagasse_mention,bagasse_media_context,cannabis_context,duplicate_status,is_spam,text_model,tableware_packaging,energy_fuel,paper_board,growing_media_or_compost,animal_feed_mushroom
bluesky:at://did:plc:27pb5bkd6ga6nnakh7eheev6/app.bsky.feed.post/3mhhulp36t22b,bluesky,en,True,False,False,canonical,False,"Bagasse, a fibrous byproduct of sugar production, is molded into sturdy plates and containers that naturally decompose in months — reducing plastic waste and supporting a circular economy. Innovation meets responsibility.",True,False,False,False,False
bluesky:at://did:plc:2pndgiwno6qeq7ijbpy2zpxt/app.bsky.feed.post/3mpvs6ijirc22,bluesky,en,True,False,False,canonical,False,Chen et al. employ #sugarcane bagasse as a raw material and develop a #carbonate-based #oxygen-alkali #pulping process combined with #enzymatic totally #chlorine-free #bleaching sequence DOI: 10.1016/j.jobab.2026.100281,False,False,False,False,False
bluesky:at://did:plc:4be4e7hmwjug6wios6agr7vr/app.bsky.feed.post/3mjowhkz4pf2b,bluesky,en,True,False,False,canonical,False,"A new Senate bill aims to protect Louisiana's $4 million sugar industry by clarifying that sugarcane bagasse is not solid waste, ensuring it can be stored under approved best practices. Click to read more! #LA #LouisianaAgriculture #FoodProduction #CitizenPortal #EnvironmentalPolicy",False,False,False,False,False
bluesky:at://did:plc:4w2zmbqzuvykdofuiltxgm4m/app.bsky.feed.post/3moxqkq6wrl2l,bluesky,en,True,False,False,canonical,False,"every month to prevent cavities. Education was much the same. Our notebooks were made from dark paper produced from sugarcane bagasse, and our pencils slid across the page as though we were writing on wet cardboard. An eraser might be nothing more than the cap from a penicillin bottle.",False,False,True,False,False
bluesky:at://did:plc:4xhmehz5zokyl44jfjgevqzt/app.bsky.feed.post/3loiepowetv2s,bluesky,id,True,True,False,canonical,False,Mahasiswa di Surabaya Olah Kulit Pisang dan Ampas Tebu Jadi Pupuk -,False,False,False,True,False
bluesky:at://did:plc:4xhmehz5zokyl44jfjgevqzt/app.bsky.feed.post/3lyfhqjdpt62k,bluesky,id,True,False,False,canonical,False,"Olah Limbah Tebu Jadi Bioplastik, Dosen di Surabaya Sabet Gold Winner -",False,False,False,False,False
bluesky:at://did:plc:553eofo6hvuxcsxo7qfidxjs/app.bsky.feed.post/3mngzbfqgn72t,bluesky,en,True,False,False,canonical,False,➤ Tether is piloting a 10MW Bitcoin mining operation in Brazil using electricity generated from sugarcane waste (bagasse).,False,True,False,False,False
bluesky:at://did:plc:5q3vpbzdltdngsybxlw3drvi/app.bsky.feed.post/3mvzmepjgwr2b,bluesky,id,True,False,False,canonical,False,Menilik Potensi Ampas Tebu yang Bisa Diolah Menjadi Pasir Kucing Ramah Lingkungan -,False,False,False,False,False
bluesky:at://did:plc:bufyzslbgi2jex5c7lqpjz7c/app.bsky.feed.post/3moja4cxcj22e,bluesky,en,True,False,False,canonical,False,#Architecture: Sugarcane Bagasse as Low-Carbon #Building Material - kensbookinfo.blogspot.com/p/media.html#6 #LuluMall #Food And Drink: Lulu Mall and Msquare Groups hosted one of - kensbookinfo.blogspot.com/p/food.html#18 View all news from the markets kensbookinfo.blogspot.com/2026/03/late...,False,False,False,False,False
bluesky:at://did:plc:c62geckuklh6xpnmfyvr7bzx/app.bsky.feed.post/3lttllp57rs25,bluesky,en,True,True,False,canonical,False,"Love it 🤩 “Exotic Asian mushrooms are now being grown using a by-product from sugarcane processing. Bagasse, the material left over after sugarcane has been processed, has proven to be a viable & productive growing substrate for Asian mushrooms.”",False,False,False,True,True
bluesky:at://did:plc:cumra2jzx2nm4yzbcngttuuh/app.bsky.feed.post/3matu3q7p3k2s,bluesky,en,True,True,False,canonical,False,Sugarcane Bagasse Compost Combined with Full NPK Fertilizer Maximizes Shallot Yield and Soil Fertility Learn More 👉,False,False,False,True,False
bluesky:at://did:plc:cumra2jzx2nm4yzbcngttuuh/app.bsky.feed.post/3mjcy3mbost2y,bluesky,en,True,False,False,canonical,False,Sugarcane Bagasse Biochar Combined with Biodegradable Microplastics Reduces Cadmium Levels in Chinese Cabbage by Forty Two Percent Learn More 👉,False,False,False,False,False
bluesky:at://did:plc:cumra2jzx2nm4yzbcngttuuh/app.bsky.feed.post/3mjv7jl4hy724,bluesky,en,True,False,False,canonical,False,Sugarcane Waste Biochar Produced at Six Hundred Degrees Celsius Increases Adsorption Capacity to Seven Hundred Twenty One Milligrams per Gram Learn More 👉,False,False,False,False,False
bluesky:at://did:plc:cumra2jzx2nm4yzbcngttuuh/app.bsky.feed.post/3mkvsxiq6pf27,bluesky,en,True,False,False,canonical,False,Sugarcane Bagasse Biochar Achieves 98.94% Biodiesel Conversion and 78% Increase in Concrete Tensile Strength Learn More 👉,False,False,False,False,False
bluesky:at://did:plc:cumra2jzx2nm4yzbcngttuuh/app.bsky.feed.post/3ml2k4ggni224,bluesky,en,True,False,False,canonical,False,Enriching Sugarcane Bagasse Biochar with Essential Nutrients Increases Soil Porosity by Seventy Percent and Significantly Improves Water Retention in Laterite Soils Learn More 👉,False,False,False,False,False
bluesky:at://did:plc:cumra2jzx2nm4yzbcngttuuh/app.bsky.feed.post/3mlyvu5wza52s,bluesky,en,True,False,False,canonical,False,Sugarcane Bagasse Biochar Pyrolyzed at Four Hundred Degrees Celsius Maximizes Compressive Strength and Limits Swelling in Eco-Friendly Steelmaking Agglomerates Learn More 👉,False,False,False,False,False
bluesky:at://did:plc:i4tfenpfog244rxry5uz4vtk/app.bsky.feed.post/3mflh7fxygs2l,bluesky,en,True,False,False,canonical,False,"there's some really cool stuff going on to take sugarcane bagasse for sugarcane that already was being grown, and rather than just burn it directly, instead transform it into avgas so it'll burn more cleanly and also be available as a non-fossil form of petroleum.",False,False,False,False,False
bluesky:at://did:plc:idtaa62q3tf3ypigu7lugwig/app.bsky.feed.post/3mhyjhc665y2a,bluesky,en,True,False,False,canonical,False,"In a time of rapidly rising oil prices, a one pot process to convert sugarcane waste to jet fuel shows the potential of biofuel. And this method of turning bagasse into ethanol takes sustainability and cost to new levels.",False,True,False,False,False
bluesky:at://did:plc:ipnqgjcngbafxdo3bv3gamrx/app.bsky.feed.post/3mlc4dcvfyg2g,bluesky,en,True,False,False,canonical,False,"Concrete made with sugarcane bagasse ash and polypropylene fibers can reduce CO2 emissions by up to 30% while increasing strength, offering a more sustainable option for construction. doi.org/hb2vxp",False,False,False,False,False
bluesky:at://did:plc:jeg6lxbgh74zlgsaqwcbo2ku/app.bsky.feed.post/3mhow3rxxbc2n,bluesky,en,True,False,False,canonical,False,"It's still used in the forestry and sugar industries, though, because it's really good at burning waste wood and bagasse (sugarcane fiber). Dutch ovens can burn fuel that is up to 62% moisture! Industrial-size Dutch ovens are also used in the biomass fuel industry. 6/6",False,True,False,False,False
bluesky:at://did:plc:kgizlgtsaraod75lf4bahsiy/app.bsky.feed.post/3mj4yncuxr224,bluesky,en,True,False,False,canonical,False,Sugarcane bagasse biochar in Brazil hits 18% IRR on large farms but only if carbon credits top $120/tCO2e. Breakeven: ~7.5 years. Nosenzo's model shows scale is non-negotiable.,False,False,False,False,False
bluesky:at://did:plc:ky22ifdv5pna5aukchjkplke/app.bsky.feed.post/3mal6sflkgd2o,bluesky,en,True,True,False,canonical,False,"🌽 PLA 101: plant-based material from corn/sugarcane sugars, bagasse, cassava and so much more are designed to break down in industrial composting facilities #Holiday Season #SustainableHolidaySipping #PLABioplastic #coreSalesInc",False,False,False,True,False
bluesky:at://did:plc:ky22ifdv5pna5aukchjkplke/app.bsky.feed.post/3maxnrk4tpx2o,bluesky,en,True,True,False,canonical,False,"🍃 Bagasse is the fibrous leftover from sugarcane after sugar is extracted—what mills used to burn or discard. We turn that waste into strong compostable lids, plates & clamshells perfect for holiday drinks & food. Waste becomes packaging! #HappyHolidays #Christmastime #takeout #Bagasse​",True,False,False,True,False
bluesky:at://did:plc:ky22ifdv5pna5aukchjkplke/app.bsky.feed.post/3mr3o5ffxkc2q,bluesky,en,True,True,False,canonical,False,"Bagasse fibre cutlery for Canadian foodservice Knives, forks & spoons made from upcycled sugarcane fibre give you a smoother feel than many wooden options and a compostable alternative to traditional plastic for takeout 🔗 #CompostableCutlery #Bagasse #FoodserviceCanada",False,False,False,True,False
bluesky:at://did:plc:ky22ifdv5pna5aukchjkplke/app.bsky.feed.post/3mrdjlqciqr2r,bluesky,en,True,True,False,canonical,False,"Why bagasse cutlery beats plastic & wood: Made from upcycled sugarcane bagasse, smoother than many wooden options and strong enough for real meals. As traditional plastic cutlery is phased out in Canada, bagasse gives takeout, catering & festivals a compostable alternative #CompostableCutlery #eco",False,False,False,True,False
bluesky:at://did:plc:ky22ifdv5pna5aukchjkplke/app.bsky.feed.post/3mt24fmdvue2v,bluesky,en,True,True,False,canonical,False,"***ONLY 1 WEEK LEFT TILL THE Canadian National Exhibition 3-compartment plates made from bagasse — the fibrous material left after sugarcane is crushed for its juice. Perfect for CNE vendors, festivals & fairs #CNE2026 #Compostable #CanadianNationalExhibition",True,False,False,True,False
bluesky:at://did:plc:kztn3wd3n45j3l4yr6dz6isl/app.bsky.feed.post/3mrxmsb7qcs2n,bluesky,en,True,False,False,canonical,False,💙💛 Eco-solutions: Ukraine launches first disposable tableware plant using sugarcane fibers rubryka.com/en/2026/07/3...,True,False,False,False,False
bluesky:at://did:plc:l2x3nnkbz2ovutrbpzuqrdxq/app.bsky.feed.post/3mvrp7a75gy2d,bluesky,en,True,False,False,canonical,False,"Could sugarcane bagasse help replace single-use plastic packaging? BRIN researchers found a PVA-bonded biodegradable foam with the best balance at 35 g PVA, offering strength and water resistance for food packaging. bit.ly/4hhdnZx",True,False,False,False,False
bluesky:at://did:plc:lc6hdhnjkgccd6ysi7e23pll/app.bsky.feed.post/3mia7yrilzm2m,bluesky,en,True,False,False,canonical,False,"Sustainable production of cellulose nanocrystals from sugarcane bagasse via statistically ... ->Nature | More on ""Cellulose nanocrystals from agricultural waste"" at BigEarthData.ai | #Sustainable",False,False,False,False,False
bluesky:at://did:plc:lc6hdhnjkgccd6ysi7e23pll/app.bsky.feed.post/3mnudpixluy2r,bluesky,en,True,False,False,canonical,False,"From Waste To Worth: How Sugarcane Waste Is Replacing Plastic And Creating New Opportunities ->The Logical Indian | More on ""Sugarcane bagasse replacing plastic waste"" at BigEarthData.ai | #Plastic",False,False,False,False,False
bluesky:at://did:plc:mwlzey3sttvtzgjtfci54ub3/app.bsky.feed.post/3lnzwgnm6672f,bluesky,id,True,False,False,canonical,False,Perusahaan China hasilkan peralatan makan dari ampas tebu -,False,False,False,False,False
bluesky:at://did:plc:nza3sfnm7ctf5u3r3seua7jt/app.bsky.feed.post/3mwvxz6l5zz2r,bluesky,en,True,True,False,canonical,False,"Snagged: ANECO Compostable Bagasse Plates (150 Count), Food Safe, Heavy Duty, 9 IN | Compostable Plates Made from Sugarcane, Non-toxic, Disposable Plates Heavy Link: As an Amazon Associate I earn from qualifying purchases. #ad",True,False,False,True,False
bluesky:at://did:plc:oc4o2ufcryvezvxssuq36lxs/app.bsky.feed.post/3msqiu46cys2p,bluesky,id,True,False,False,canonical,False,"Produksi Kemasan Makanan dari Ampas Tebu, Peluang Usaha Ramah Lingkungan #Pugur - Produksi #Kemasan Makanan dari #Ampas Tebu: #Peluang Usaha #Ramah Lingkungan - Perkembangan #bisnis kuliner membuat kebutuhan terhadap kemasan #makanan terus meningkat. Restoran, katering, kedai kopi, usaha makanan...",True,False,False,False,False
bluesky:at://did:plc:or2gbtnm6lfwev4lzfznbw6m/app.bsky.feed.post/3mvlv77qvfc2v,bluesky,en,True,False,False,canonical,False,"I do not personally eat Chipotle because of Cross ❌ contamination, but if you have a safe place you trust you should be ok Chipotle's specific bowls are safe from this specific risk because they are made from sugarcane bagasse and bamboo, not wheat. [1] (",True,False,False,False,False
bluesky:at://did:plc:oujl2eqjm2hk72ss3jervw43/app.bsky.feed.post/3m4zgmgyzv62w,bluesky,id,True,False,False,canonical,False,Mahasiswa IPB Temukan Pemadat Minyak Jelantah dari Limbah Ampas Tebu -,False,False,False,False,False
bluesky:at://did:plc:oujl2eqjm2hk72ss3jervw43/app.bsky.feed.post/3m7kitjyg6c2t,bluesky,id,True,False,False,canonical,False,"Keunikan Terraware, Kotak Makan dari Ampas Tebu Karya Mahasiswa Unair -",False,False,False,False,False
bluesky:at://did:plc:pgapvk742ryuivspthpb3qnb/app.bsky.feed.post/3m2q54mdksz27,bluesky,en,True,True,False,canonical,False,"Fermented Bagasse Pellets – 13% Moisture, 7.5% Protein, 1.5% Sugar, 8mm Diameter Used for animal feed, mushroom substrate, and organic fertilizer. Packing: 50-70kg/bag or 500-700kg/jumbo. 📩 export5@vietseafarm.com.vn #BagassePellets #AnimalFeed #EcoAgriculture #VietSeafarm",False,True,False,True,True
bluesky:at://did:plc:qffi4qy2zpeis3kh6qxeanil/app.bsky.feed.post/3mn5nkp7xf22a,bluesky,en,True,True,False,canonical,False,"They’re made from sugarcane bagasse (fancy name for leftover plant bits), which means they’re compostable and don’t feel like they’re going to collapse the second you add something saucy. They’re sturdy, no leaks, no weird smells, and they hold up to hot food without bending or going soggy.",False,False,False,True,False
bluesky:at://did:plc:qpwcpc6qd5s7nystgoyaibqy/app.bsky.feed.post/3mtcpfl7jss2r,bluesky,en,True,True,False,canonical,False,"Made from sugarcane, bagasse tableware is an eco-friendly, compostable alternative to disposable paper plates for summer entertaining.",True,False,True,True,False
bluesky:at://did:plc:ribexydntjsypohtl7q2426i/app.bsky.feed.post/3mojk3mnu742a,bluesky,en,True,False,False,canonical,False,From Waste to Wall: Sugarcane Bagasse as Low-Carbon Building Material -,False,False,False,False,False
bluesky:at://did:plc:tu6vik3njhwn6fudp6v3soh6/app.bsky.feed.post/3mxbc2knjlk2h,bluesky,en,True,False,False,canonical,False,"Launched this week, the new ARC Training Centre SMaRT-Pack is bringing together researchers, industry and government partners to develop sustainable packaging solutions using materials such as wheat straw and sugarcane bagasse. Read more:",True,False,False,False,False
bluesky:at://did:plc:tytggv5tao77qnstjzd6diss/app.bsky.feed.post/3mcagk53t4s2a,bluesky,en,True,False,False,canonical,False,"Hmmm, Cuba, tropical, sunny, free energy. If only there was a way to make energy from the sun they could tell trump to fuck off. Also maybe making more alcohol from sugarcane bagasse or other greenery to run cars may be more cost efficient now. Anything to tell the dictator of the USA to fuck off.",False,True,False,False,False
bluesky:at://did:plc:uunm6grnoxz62n44az3ytr4q/app.bsky.feed.post/3mdteh2ori222,bluesky,en,True,False,False,canonical,False,"Paper can be made from sugarcane bagasse or calcium carbonate and high density polyethylene, a recyclable resin.",False,False,True,False,False
bluesky:at://did:plc:uunm6grnoxz62n44az3ytr4q/app.bsky.feed.post/3mdtenwv6tc22,bluesky,en,True,False,False,canonical,False,Sugarcane bagasse - bagasse is the fibrous leftovers of the sugarcane plant after it has been processed into sugar and molasses.,False,False,False,False,False
bluesky:at://did:plc:uunm6grnoxz62n44az3ytr4q/app.bsky.feed.post/3mdti5yst4c2t,bluesky,en,True,False,False,canonical,False,The paper you see on the desk is a sheet of 24# 100% cotton paper often used for resumes and certificates. I use it for my fountain pens. I can also get paper made from sugarcane bagasse or calcium carbonate and high density polyethylene.,False,False,True,False,False
bluesky:at://did:plc:uunm6grnoxz62n44az3ytr4q/app.bsky.feed.post/3mp6zxgbxm22x,bluesky,en,True,False,False,canonical,False,"TreeZero takes sugarcane bagasse - the fibrous leftovers from the sugarcane plant after it has been processed, and turning it into copy and printer paper.",False,False,True,False,False
bluesky:at://did:plc:uunm6grnoxz62n44az3ytr4q/app.bsky.feed.post/3mtplswj66s2i,bluesky,en,True,False,False,canonical,False,"Look up the Paris Corporation Elementree Copy Paper, for example. It is made from all the wood chips and sawdust left behind by lumber mills. Other companies turn sugarcane bagasse into notebook paper.",False,False,True,False,False
bluesky:at://did:plc:vc5qfizaddfl6jzfwjbxn2k3/app.bsky.feed.post/3mqy53erfpk2i,bluesky,en,True,True,False,canonical,False,"EcoSoul Compostable Plates, 10 Inch, 125 Count – $4.80 EcoSoul Compostable Plates, 10 Inch Pearl White Sugarcane Bagasse Plates, 125 Count Price is now $4.80(*Prices are subject to change) See Deal on Walmart Key Features: Package Quantity: Includes 125 pearl white disposable plates with a 10-inch..",True,False,False,True,False
bluesky:at://did:plc:vm5cde2iaksihgkstjinr3fc/app.bsky.feed.post/3msvtiejlrq2h,bluesky,en,True,False,False,canonical,False,Why Sugarcane Bagasse Bowls Are The Ultimate Eco-Friendly Upgrade for The Next Party?,True,False,False,False,False
bluesky:at://did:plc:vrd5zcnr7i3f33lbstjwejkj/app.bsky.feed.post/3mwobjacb3m2w,bluesky,en,True,False,False,canonical,False,"Sugarcane Bagasse Paper: Turning Sugar Production Waste into Paper Paper made from fibrous bagasse remaining after sugarcane crushing: how it is made, its properties, credible uses, printing behaviour, recyclability,...",False,False,True,False,False
bluesky:at://did:plc:vxyxzjckygni4pzrjvi4xf2k/app.bsky.feed.post/3mlunbasnnc2u,bluesky,en,True,False,False,canonical,False,"Sugarcane waste could become high-performance porous carbon. A new study optimizes microwave-assisted pyrolysis of sugarcane bagasse using response surface methodology, achieving biochar with a specific surface area of 1,156.37 m2/g. Read more:",False,False,False,False,False
bluesky:at://did:plc:wjvpbp2s7ekbde7pvh2z47lc/app.bsky.feed.post/3mv2c76nyhd2n,bluesky,en,True,False,False,canonical,False,Review of sugarcane bagasse ash-starch foam trays ♻️ EPS replacement via agro-industrial waste 📉 Water absorption reduced: 1199%→799% 💧 Contact angle up: 45.8°→70.2° 📦 Biobased trays for packaging DOI: #Bioplastics #Sustainability,True,False,False,False,False
bluesky:at://did:plc:xdv76dwhboq22xxjdzzez7bg/app.bsky.feed.post/3mqh3a5mfvf2y,bluesky,en,True,False,False,canonical,False,Can biochar help solve peat shortages and availability? Check out this new research from the Fields Lab at UF to explore the potential of sugarcane bagasse biochar as a peat amendment in #floriculture production. #plantscience,False,False,False,False,False
bluesky:at://did:plc:y7cmacgqwwrfv33ut7672uhr/app.bsky.feed.post/3msjbu5uanc2i,bluesky,en,True,False,False,canonical,False,Microbial fuel cells using sugarcane bagasse-derived biochar achieve up to a 55% increase in electrical conductivity and generate a peak voltage of 404.59 mV. 🔗 Source:,False,True,False,False,False
bluesky:at://did:plc:yhozlzxpqday3phvoxs6ohfh/app.bsky.feed.post/3mvgxom2dwk2x,bluesky,en,True,False,False,canonical,False,"Sugar cane however is one of the most effective carbon fixing plants & is already processed in industrial facilities the world produces 279Million tonnes of sugarcane bagasse (waste biomass), Ajala et at 2021, that represents over 0.5GT of removed atmospheric CO2 annually .",False,True,False,False,False
bluesky:at://did:plc:yjqekodgo25hjem4isderwak/app.bsky.feed.post/3mfyt5jwt7s2h,bluesky,en,True,False,False,canonical,False,"A team has developed a multifunctional, sponge-like material derived from sugarcane bagasse that functions as a triboelectric nanogenerator. Sustainable materials can perform as well as expensive synthetic options towards a more sustainable, circular economy. 🔌💡 biochartoday.com/news/new-spo...",False,True,False,False,False
bluesky:at://did:plc:yjqekodgo25hjem4isderwak/app.bsky.feed.post/3mp7kfvtzu22q,bluesky,en,True,False,False,canonical,False,"Bagasse biochar enhanced available phosphorus pools across highly phosphorus-limited subtropical forest soils, showing a six hundred eighty percent increase in acidic environments compared to a two hundred percent rise in alkaline settings. biochartoday.com/news/bagasse...",False,False,False,False,False
bluesky:at://did:plc:yk3topyctniz73w5p4bpmzfi/app.bsky.feed.post/3mffhan7hh22e,bluesky,en,True,False,False,canonical,False,Waste that was once discarded now generates energy for millions: more than 200 million tons of sugarcane bagasse power one of the world's largest bioelectricity systems,False,True,False,False,False
youtube:Ugw3TlAThhQhniR-kG14AaABAg.9hh__4TU10KAIIX_detEH3,youtube,id,True,False,False,canonical,False,​@AidaAida352 Itu limbah tebu endapan fitrasi nira tebu atau abu kabar tebu ya?,False,False,False,False,False
youtube:UgwAE7xkS8MtRyaV-e94AaABAg,youtube,id,True,False,False,canonical,False,Ape dogen dadi orahang iluh ken beli Demen demen hatin iluh pedidi Yen ento ngidang ngae luh Ditu merasa lege Nangin diolas Suud luh ngulungang yeh mate Luh ngorahang dewek beli care miong bute Asal sagrep asal saup sing nepukin ape Nangin beli nu ngelah rase Dini beli nu ngelah hati Nawang cen pant,False,False,False,False,False
youtube:UgwMNc70sTwnhubD0ZR4AaABAg,youtube,tl,True,False,False,canonical,False,I'd like to ask if pwede na ba 'tong gawin sa mga na-shred na bagasse mula sa factories? kasi kita ko po sa vid niyo bago pa yung bagaso tsaka basa pa nung dinikdik niyo po. i was wondering if gagana rin po ba siya kapag shredded at dry na yung bagasse? thank you po!,False,False,False,False,False
youtube:UgwN2BTiYLaUREAgduh4AaABAg,youtube,en,True,False,False,canonical,False,People talking about ants are so ignorant. Bagasse is what's left after sugar extraction.,False,False,False,False,False
youtube:UgwN55t-QuTV3ItvUfN4AaABAg,youtube,id,True,False,False,canonical,False,"Tolong OM Admin Yang terpenting harus dilihatkan bukti Video nya, saat Ternak makan ampas tebunya. Gito bro ..",False,False,False,False,True
youtube:UgwScUZ9hhiSYSF2kFJ4AaABAg.ARGljil5-tqARLI4IP_yI6,youtube,en,True,False,False,canonical,False,"Thank you for sharing your experience. Bagasse really is a versatile byproduct, and it is great to see it finding new uses today.",False,False,False,False,False
youtube:UgwZ5kO6mkMFMavHBzx4AaABAg,youtube,en,True,False,False,canonical,False,"It's unfortunate that the his alternative costs more than the plastic plates. If he eventually develops his business to be able to produce bagasse plates for cheaper, I'm sure it will become more common than the wasteful ones.",True,False,False,False,False
youtube:UgwZEAXvs6SDmSz12Wd4AaABAg,youtube,id,True,False,False,canonical,False,"pohon jagung habis panen apakah hampir mirip"" Dengan limbah ampas tebu pak?",False,False,False,False,False
youtube:UgwbaluVfFMo8Ec89u94AaABAg,youtube,en,True,False,False,canonical,False,"Thank you so so much for this video!! We've been struggling to find a process in which we can obtain Sugarcane Bagasse for our research. If we may ask though, is there any other method that we can do to get crushed Sugarcane Bagasse? We think there's no such machine at the end near our place, and if",False,False,False,False,False
youtube:UgwewMqLDb5rl7Dho8N4AaABAg,youtube,id,True,False,False,canonical,False,Aku ibarat.. tebu kau peras lalu ampasnya engkau buang tanpa belas kasihan aku engkau tinggalkan haa.. Aku yang terbuang kau anggap ku tak berharga Bagai ampas tebu kering tak berguna Kalau ku sadari dari semula akan perlakuanmu pada diriku tak akan terjalin tali cinta kasih aku yang terbuang kau an,False,False,False,False,False
youtube:Ugwi4zybQTaAd9JJ-ZV4AaABAg,youtube,id,True,False,False,canonical,False,Aku ibarat... tebu kau peras lalu ampasnya engkau buang tanpa belas kasihan aku engkau tinggalkan haa.. Aku yang terbuang kau anggap ku tak berharga Bagai ampas tebu kering tak berguna Kalau ku sadari dari semula akan perlakuanmu pada diriku tak akan terjalin tali cinta kasih aku yang terbuang kau a,False,False,False,False,False
youtube:UgwmGxpSVYbVxNivEuR4AaABAg,youtube,en,True,False,False,canonical,False,"*They are making papers out of Sugarcane Waste.* Watched On - 3rd September, 2026, i.e. 03/09/2026.",False,False,True,False,False
youtube:UgwniZNgaQML9fEdCtN4AaABAg,youtube,id,True,False,False,canonical,False,Ampas tebu itu namanya blotong..,False,False,False,False,False
youtube:Ugwq-YDz6-yGYgTua2Z4AaABAg,youtube,id,True,False,False,canonical,False,salam ternak dari malaysia.ambil masa berapa lama selesai membuat silaj ampas tebu boleh diaplikasi ke kambing ya sis?,False,False,False,False,True
youtube:Ugwq2QystLwJh3JgbfF4AaABAg,youtube,id,True,False,False,canonical,False,Mau nanya kak itu untuk berapa kg ampas tebu ?,False,False,False,False,False
youtube:UgwrRNp2PJrL1oCaOFR4AaABAg.AIeM9eKZ5NNAIm9GiPr4JP,youtube,id,True,False,False,canonical,False,"Terimakasih @jackkaysar sebagai arranger musik lagu BAGAI AMPAS TEBU. Semangat berkarya,semoga kita semua selalu sehat, dan barokah. Terimakasih juga untuk MAKSI MUSIC ka ADIBAL sebagai Label untuk merilis Lagu ini. Semoga selalu menjadi yang terbaik.. amiiinnn YRA",False,False,False,False,False
youtube:UgwsJMfnmEzO-Wuu9TR4AaABAg,youtube,id,True,False,False,canonical,False,Maaf Pak apakah sekam padi juga hampir sama dgn ampas tebu tsb dan lebih mudah didapat dan lebih cepat prosesnya. Apa kah ampas tebu tsb lebih unggul dari sekam padi..?,False,False,False,False,False
youtube:Ugwtv35vArrq7qy_C9F4AaABAg,youtube,en,True,False,False,canonical,False,I used to live next to a sugarcane plant in the Philippines and the smell of that sugarcane waste is unbearable. We use that as fertilizer but can be dangerous when lit. Dry sugarcane waste when lit with fire won't go out until the last fiber is burnt. I never thought that it can be made useful as t,False,False,False,False,False
youtube:UgwwNOViEyFHGxADt414AaABAg,youtube,en,True,False,False,canonical,False,Very good recycling..Instead of trees being felled down..it's better to use sugar cane bagasse🎉🎉,False,False,False,False,False
youtube:UgwxusGlZFuUN2m-7IF4AaABAg,youtube,en,True,False,False,canonical,False,Were we can purchase bagasse?,False,False,False,False,False
youtube:UgwzK3_HTJdkGP6Dcvl4AaABAg,youtube,en,True,False,False,canonical,False,I also thanks to this Video. It gave me more clarity about sugarcane fiber and bagasse.,False,False,False,False,False
youtube:UgwzK3_HTJdkGP6Dcvl4AaABAg.AZlK8ifH_zFAZpbHBLZwvv,youtube,en,True,False,False,canonical,False,"Thank you so much, I’m glad you found the explanation of sugarcane fiber and bagasse helpful! 😊",False,False,False,False,False
youtube:Ugx5GgrECAetWP2LZnJ4AaABAg,youtube,en,True,False,False,canonical,False,"GOOD BLESS, NOW WE MAKE PAPER FROM SUGAR BAGASSE OF SUGAR CANE.",False,False,True,False,False
youtube:Ugx8PdAuJ9AVdeDLVg94AaABAg.AQdQ4-wZzTHAQzEqesbqRa,youtube,en,True,False,False,canonical,False,​@MundoGanadero-b7sThere are plants that I have seen that go up to one mega watt. They can power the entire plant with a minimal percentage of the bagasse. Pelletizing it will make it output more BTUs. The plant can make biochar and black carbon too. Biochar in America is about 300 a ton. Black carb,False,True,False,False,False
youtube:Ugx9CWgeesUPddOlf1N4AaABAg,youtube,en,True,False,False,canonical,False,The sugarcane bagasse can also be dried and used for smoking fish or pork It gives it a nicer flavor.,False,False,False,False,False
youtube:UgxAW3ZO64iMFluYb3N4AaABAg,youtube,id,True,False,False,canonical,False,"1 sak ampas tebu itu berapa kilo min??? Terus setelah dibakar jadi abu , abunya jadi berapa kilo?? Semoga dibales min",False,False,False,False,False
youtube:UgxC-tDSo5wkpp6xP954AaABAg,youtube,en,True,False,False,canonical,False,I’ve been to boba shops that use sugarcane straws. They should replace all straws with sugarcane bagasse instead of crappy paper straws,True,False,True,False,False
youtube:UgxDoCKl7WgMD8CDOV54AaABAg,youtube,id,True,True,False,canonical,False,Bubuk tebu bisa penambah kesuburan tanaman kan dia glukosa sama dg micin 😂😂termasuk Bubuk kentang Susu dan Protein ikan daging ayam Rebusan nya jika daging nya banyak dibawah tanah diolah dan dicampur molase ampas tebu ini bisa Subur subur tanaman ..itu makanya buah buahan tanaman diindonesia kecil ,False,False,False,True,False
youtube:UgxFlYpU35wSXj3QVyJ4AaABAg,youtube,en,True,False,False,canonical,False,Bagasse kaha se buy karte hai or kitne mai,False,False,False,False,False
youtube:UgxGgLZ0x-ezCoBtZht4AaABAg,youtube,id,True,False,False,canonical,False,Dimadiun ampas tebu jadi makan ternak,False,False,False,False,True
youtube:UgxHsMKJpKy1aQmGYZB4AaABAg,youtube,en,True,False,False,canonical,False,"in philippines especially negros island the sugarcane bagasse use as fuel for biogas power plant, or ingredients for making plywood,",False,True,True,False,False
youtube:UgxO5tPksfEqR7L6zaF4AaABAg,youtube,id,True,False,False,canonical,False,"Pertama kali liat aku bacanya *ganteng* Dalam hati ""emg ada org ganteng dri ampas tebu"" 🤔 Pas kuteliti sekalinya *genteng* 🤣",False,False,False,False,False
youtube:UgxP2y4jvsNcjHR-a9J4AaABAg,youtube,id,True,True,False,canonical,False,Waalaikumsalam.Alhamdulilah mantap. Kalimantan Barat kota Singkawang. Memang itu benar media tanam saya pakai ampas tebu tanah nya gembur daya simpan air cukup lama di dalam media tanam ampas tebu cepat' menyerap air. Hati hati juga dengan penyiraman kalau pakai ampas tebu bisa bisa tanaman mati keb,False,False,False,True,False
youtube:UgxP2y4jvsNcjHR-a9J4AaABAg.AZ9f1VtOiCZAZB4iXYtnry,youtube,id,True,True,False,canonical,False,Cb terangkan om bgmn cara membuat kompos dari ampas tebu,False,False,False,True,False
youtube:UgxP2y4jvsNcjHR-a9J4AaABAg.AZ9f1VtOiCZAZHNT_6NnQj,youtube,id,True,True,False,canonical,False,"​​@SupriYanto-zf9my ambil mudah aja . Ampas tebu langsung di timbun sama media tanam. Yg sudah disiapkan . Terus di siram pakai EM .4.yg sudah di aktifkan bakteri nya .karna di dalam botol em,4 masih Dorman bakteri nya . kalau ada poc pupuk organik cair di siramkan ke media tanam Udah biarkan selama",False,False,False,True,False
youtube:UgxP3sZE_YUcjEIeoel4AaABAg,youtube,id,True,False,False,canonical,False,Bagasse kalau di desa sebutannya sepah tebu,False,False,False,False,False
youtube:UgxPcMejyk-DzB5kGeV4AaABAg,youtube,en,True,False,False,canonical,False,"Hello! What is in 0:44 and its purpose? Is it for dewaxing? And how did you blend the bagasse, by adding water and used a blender?",False,False,False,False,False
youtube:UgxTC1dtv2pbw9F6-ap4AaABAg,youtube,en,True,False,False,canonical,False,"Actually, Bagasse is used for making paper in India. I've never heard it go to waste.",False,False,True,False,False
youtube:UgxWRzSKM6mzTVpoTZV4AaABAg,youtube,id,True,False,False,canonical,False,Akuu iiibaraatt tebu kau peras lalu ampas nyaa Eengkaaau buuuang Tanpaa belasss kasihaaann akuu eeengkauui tinggalkannn Haa aa aa Aku yang terbuang kau anggap kutak berharga Bagai ampas tebu kering dan tak bergunaa Kalau ku sadari dari semulaa Akan perlakuan mu pada dirikuu Tak akan terjalin tali ci,False,False,False,False,False
youtube:UgxaMo3ffYsXfoKmBIt4AaABAg.AZjnYj4LFNmAZkvob0X8nx,youtube,en,True,False,False,canonical,False,It’s truly fascinating to see how sugarcane waste can be transformed into such useful paper products! 😊,False,False,True,False,False
youtube:UgxfvP9Bre3d90NcXj14AaABAg,youtube,id,True,False,False,canonical,False,Masih nerima ampas tebu ya pak??,False,False,False,False,False
youtube:UgxrAVFguNME1I_VFHR4AaABAg,youtube,id,True,False,False,canonical,False,Bagai ampas tebu ... karya Rusdy Izhar dibawakan dgn vocal yg pas ... sukses sllu,False,False,False,False,False
youtube:UgxtccQN1qZAaduRa014AaABAg,youtube,en,True,False,False,canonical,False,"The sugarcane waste and coconut fibers should be the two natural resources, that Grenada should invest in, to create local products, jobs and revenue for the country. Such industrious natural resources should be pursued to harness their profitability for Grenada, as quickly as possible. 😊❤️💯💪🏾👍🏾",False,False,False,False,False
youtube:UgxtccQN1qZAaduRa014AaABAg.AQgnS3KMpATAQmC1EIBEZS,youtube,en,True,False,False,canonical,False,"Thank you for sharing this thoughtful idea. Sugarcane waste and coconut fibers have strong potential to create local products, jobs, and sustainable income for Grenada. We appreciate your insight.",False,False,False,False,False
youtube:Ugxvdi28BgyAul7kWm54AaABAg,youtube,id,True,False,False,canonical,False,Apa butuh ampas tebu ?,False,False,False,False,False
youtube:UgxytRhtWwWYsZJ0NAp4AaABAg.AZjxIKToggeAZkvtdVBMIx,youtube,en,True,False,False,canonical,False,"Thank you so much, I’m glad you enjoyed learning about how sugarcane waste is repurposed! 😊",False,False,False,False,False
youtube:Ugy3sFlrEr6vQqPdYP14AaABAg,youtube,en,True,False,False,canonical,False,😂😂 ampas tebu??...pak😂😂😂 In your dreams 😂,False,False,False,False,False
youtube:Ugy6E6HPYuG5_wzDUap4AaABAg,youtube,id,True,True,False,canonical,False,Jadiin pupuk mbak ampas tebunya,False,False,False,True,False
youtube:UgyA9cyyk7DxyHFBPtp4AaABAg,youtube,id,True,False,False,canonical,False,"Semangat berkarya, negara India juga sudah melakukan daur system produk dari limba ampas tebu dari pabrik gula",False,False,False,False,False
youtube:UgyDy5sbqDiXGZb6-Xd4AaABAg,youtube,id,True,False,False,canonical,False,Dulu pada zamannya...ampas tebu buat alas tidur malam sapi perah di Boyolali..,False,False,False,False,False
youtube:UgyIEzZJ_SNpgqUuX0d4AaABAg,youtube,en,True,False,False,canonical,False,The other side of the coin: 1) Producing 1 kg of sugarcane requires 7000 ltrs of water. 2) The sugarcane 'mafia' is politically pretty powerful that it makes sure most of the irrigated water comes for sugarcane production and this has let to shortage of water in other regions (especially in the stat,False,True,False,False,False
youtube:UgyJhsqF4qCytrtXNah4AaABAg,youtube,en,True,False,False,canonical,False,Turning sugarcane waste into useful products? That’s next-level eco magic!,False,False,False,False,False
youtube:UgyJhsqF4qCytrtXNah4AaABAg.AQbrSMM-PkwAQgms4BFkwK,youtube,en,True,False,False,canonical,False,Most definitely! This eco-friendly bagasse products should be prevalent.,False,False,False,False,False
youtube:UgyJnuJcvxvw4wc4tSl4AaABAg,youtube,id,True,False,False,canonical,False,Bagai mana kalo mau jual ampas tebu boss,False,False,False,False,False
youtube:UgyOQSHkD6MyODt2HBB4AaABAg,youtube,en,True,False,False,canonical,False,Please ensure your employees wear a mask. Bagasse is lethal to your lungs - pneumoconiosis.,False,False,False,False,False
youtube:UgyOdHNJ6D4SaN3-y2x4AaABAg.9axq1NuV9AU9b1gDv2rQ1a,youtube,en,True,False,False,canonical,False,Umm toilet paper from sugarcane waste paper might not be great butt tbh 😅,False,False,True,False,False
youtube:UgyQ_Vm9A6nKxcHnpRp4AaABAg,youtube,en,True,False,False,canonical,False,"It's a great effort and congratulations for the innovation. But my priority is to reuse the crop residue at the field itself. Improve the soil organic content. Ultimately it will increase the crop health and yield. The sugarcane goes to the processor, even though the farmer is paid FRP for sugarcane",False,False,False,False,False
youtube:UgySW03QEjbeFxuQFTh4AaABAg,youtube,id,True,False,False,canonical,False,😂😂😂ternyata ada juga yang memperhatikan jamur diampas tebu mirip jamur nasi basi...? Air laut apakah pelarut alami...? Bisakah diektrakasi diambil mineral dengan menghilangkan rasa asin nya😂😂😂 dipikiran ku dibakar saat membuat tanah bakar 😅😅😅...ayo kita buat hari pisang kepok jumbo 😅😅😅,False,False,False,False,True
youtube:UgyT7YmOQFuP543sSVN4AaABAg,youtube,en,True,False,False,canonical,False,I can easily get bagasse as raw material,False,False,False,False,False
youtube:UgyTATQ2mw4ow9cC5wt4AaABAg,youtube,id,True,False,False,canonical,False,Ampas tebu itu apa hrs difermentasi dulu prof dan berapa lama baru bisa dipakai.🙏,False,False,False,False,False
youtube:UgyX8YOlPI_yP3eFWg94AaABAg,youtube,en,True,False,False,canonical,False,How to import bagasse pulp,False,False,False,False,False
youtube:UgyX8YOlPI_yP3eFWg94AaABAg.AUtmtCwO8Y3AUxvaQFMjMy,youtube,en,True,False,False,canonical,False,"Thanks for your question. To import bagasse pulp, you usually need a supplier, a purchase agreement, and to follow your country’s import rules. This can include customs clearance, shipping documents like invoice and bill of lading, and sometimes phytosanitary certificates. It is best to check with a",False,False,False,False,False
youtube:UgyZxtcO-qhvyj3VFqx4AaABAg,youtube,en,True,False,False,canonical,False,Bagasse is already used in 1. Power Generation 2. Furniture 3. Paper And now plates and bowls good thing... And above that another byproduct of sugar cane used in 1. Potassh fertilizer (potsh is not found in India. 2. Ehetenol...used in petrol 3. Cogen Literally India is using more than 98% of sugar,True,True,True,False,False
youtube:UgyaJbLIJEcQWs35zBh4AaABAg,youtube,en,True,False,False,canonical,False,Please take care of employees in ur company because bagasse can cause lung disease Make sure the employees getting regular checkup and mandatory ppe and masks,False,False,False,False,False
youtube:UgyajqihT8Xv4H44MI94AaABAg,youtube,id,True,False,False,canonical,False,Bagusan mana antara pake ampas tebu dan sabut kelapa bos?,False,False,False,False,False
youtube:UgyajqihT8Xv4H44MI94AaABAg.993onuDNsX2994tuqpbaJ1,youtube,id,True,False,False,canonical,False,bagusan sabut kelapa...ampas tebu gak tahan lama...dan terlalu basah..,False,False,False,False,False
youtube:UgyeGzdpB38vc9jtEh54AaABAg,youtube,id,True,False,False,canonical,False,Pabrik tebu aku ambil ampas tebunya yaa aku mau buat pabrik kertas ..daripada potong pohon yg sudah umur puluhan tahun sayangkan,False,False,True,False,False
youtube:UgykZKyPuf2-E9Rz8HZ4AaABAg,youtube,id,True,False,False,canonical,False,Kayanya lala sering beli es tebu..makanya tercipta bagai ampas tebu😅😅,False,False,False,False,False
youtube:Ugylak5MGfncsPUamOt4AaABAg,youtube,id,True,False,False,canonical,False,Ampas tebu apakah bekas tebu yg sudah di giling pak de,False,False,False,False,False
youtube:UgymO-vkRS0bJulefeV4AaABAg,youtube,en,True,False,False,canonical,False,"A better use for it is to replace Portland Cement. If you replace 20% of Portland Cement with bagasse no harm is done to the strength of the resulting concrete - and in the process, less CO2 is emitted and the material doesn't need to be transported from long distances - as long as there is local su",False,False,False,False,False
youtube:Ugyn3JEAASj9QoitrEV4AaABAg,youtube,id,True,False,False,canonical,False,"Ampas tebu nu dadi daur ulang, Salam saking lombok rahayu",False,False,False,False,False
youtube:Ugyoa4uIqVwCYdSemdB4AaABAg,youtube,en,True,False,False,canonical,False,"This is what makes this guy an amazing and clever human being, hear me out: Looking for alternatives to tableware made out plastic✅ Move factory closer to the sugar cane bagasse producer to reduce carbon footprint✅ Double the local salary for his employees because they deserve, ✅ Try to do good to M",True,False,False,False,False
youtube:Ugysth-qCnCmEJz8XJZ4AaABAg,youtube,en,True,False,False,canonical,False,"In Jamaica, when we had a thriving sugarcane industrý; the trash from the squeezed sugarcane was made into bagasse sheet boards - similar to plywood. But it wasn't totally from ground-up material; you could see the dried long sugar cane stalk.",False,False,True,False,False
youtube:UgyuYAKWws9R9Jn6d0l4AaABAg,youtube,id,True,False,False,canonical,False,Kirain bagai ranting kering ni ada jg bagai ampas tebu,False,False,False,False,False
youtube:Ugyx2Fcvg9U9WnHbXXx4AaABAg,youtube,id,True,False,False,canonical,False,"Di Lampung ..ampas tebu jadi rebutan, buat pakan ternak ..ruminasa",False,False,False,False,True
youtube:UgyxEOhDkCJP7rUIV9R4AaABAg,youtube,id,True,False,False,canonical,False,"Teringat waktu bongkar ampas tebu di pabrik leces , pabrik jamur bumi ayu",False,False,False,False,True
youtube:UgyxHbChLzjpbB0odgp4AaABAg,youtube,en,True,False,False,canonical,False,"Awesome use for bagasse! I worked at a sugar mill in Australia, and they actually feed all if their bagasse back through the boilers as fuel, which then generate electricity and steam that's needed throughout the mill. This makes the mill almost self-sufficient. We also have trays and plates like th",True,True,False,False,True
youtube:Ugz-e3Xvu9wwjhO6YE94AaABAg,youtube,en,True,False,False,canonical,False,SPREAD ALL THAT BAGASSE IN THE DESERT SANDS OF THE SAHARA.BAGASSE WILL GREEN THE DESERT.,False,False,False,False,False
youtube:Ugz-e3Xvu9wwjhO6YE94AaABAg.AQg_d8EQLcuAQmBGYcJ7YF,youtube,en,True,False,False,canonical,False,"Thank you for sharing your idea. Using bagasse to improve soil and support greening projects is an interesting concept, and we appreciate you adding to the discussion.",False,False,False,False,False
youtube:Ugz1y13ncCEzI5CpVtJ4AaABAg,youtube,id,True,False,False,canonical,False,"Salam kenal bpk/ibu, perkenalkan saya Hardian dari daerah sumatera barat, petani tebu didaerah saya cukup luas, namun limbah tebu hanya menjadi limbah yg tidak berguna, bagaimana semua itu bisa kita jadikan bermanfaat..?",False,False,False,False,False
youtube:Ugz8hFJQv1KnqYT0c854AaABAg,youtube,id,True,False,False,canonical,False,"Part lainya mana nih, di search tanggal dan judulnya AMPAS TEBU juga yg keluar cuman video yg ini aja. Gmn sih trans 7",False,False,False,False,False
youtube:Ugz8y9irfnTlVMVb_yt4AaABAg,youtube,en,True,False,False,canonical,False,Also bagasse is used as fuel for the boilers instead of coal. Tongaat Hulletts have this process to drive turbines and make electricity. I did my internship in 1998 in the sugar processing plant.,False,True,False,False,False
youtube:UgzOJISD9goYIruPyCZ4AaABAg,youtube,en,True,False,False,canonical,False,"In my view, making bagasse odor-free is the real challenge. It typically requires a significant amount of chemicals and energy-intensive treatment processes. I honestly don’t understand how it could be achieved without the use of chemical interventions.",False,True,False,False,False
youtube:UgzPAd6t8HP4kuZXmDl4AaABAg,youtube,id,True,False,False,canonical,False,"Selamat buat Lala, semoga sukses selalu dan lagu bagai ampas tebu bisa disukai masyarakat dan buminh🤲 Aamiin. Sekali lgi sukses buat Lala munchen💪💪",False,False,False,False,False
youtube:UgzST-vdW7YJlqlxxrp4AaABAg,youtube,id,True,False,False,canonical,False,"Assalamu'alaikum kak, kak mau tanya dong. Ada kandungan apa didalam ampas tebu sehingga bisa menghasilkan listrik",False,True,False,False,False
youtube:UgzW_R2F_pXLjWpgSTF4AaABAg.ASWWfeSK3a3ASiOQJdQmis,youtube,id,True,True,False,canonical,False,Awalnya ampas tebu dipotong kecil kecil kemudian dipermentasi dg EM4+gula proses permentasi selama 60 hari ampas tebu sudah jadi kompos wadah utk permentasi harus tertutup rapat,False,False,False,True,False
youtube:UgzYkeUFkopmgwhryPh4AaABAg.ACdd9dY5ZopARRjrhs4iuI,youtube,en,True,False,False,canonical,False,We have been feeding our cattle bagasse in the Philippines.,False,False,False,False,True
youtube:UgzZ1uVUOWfx-cPbCXB4AaABAg,youtube,en,True,False,False,canonical,False,Do you know any other ways to recycle bagasse?,False,False,False,False,False
youtube:UgzbHEdd4QeqxnEICKN4AaABAg,youtube,en,True,False,False,canonical,False,"Bagasse, just learned about it... thanks",False,False,False,False,False
youtube:UgzdOmhNUnDpfcjQg7J4AaABAg,youtube,id,True,False,False,canonical,False,bagaimana dengan ampas pohon aren prof sama tdk dengan ampas tebu,False,False,False,False,False
youtube:UgzgGIuCHsTlNh1Z_iF4AaABAg,youtube,en,True,False,False,canonical,False,Bagasse contains 40-45% moisture. Any information on how Bagasse is dried before feeding into the briquette press?,False,False,False,False,True
youtube:UgzqpZFUx9kb0Iy8o754AaABAg,youtube,en,True,False,False,canonical,False,"Thank you for explaining your process! This was helpful for my research. Can I ask, what are you using the crushed sugarcane bagasse for?",False,False,False,False,False
youtube:UgzrHgfSKdgyEDUr_DF4AaABAg,youtube,en,True,False,False,canonical,False,What type of digester is used for production of compressed biogas from sugar bagasses?,False,False,False,False,False
youtube:UgzwlPRq5P9FOaKZ3yF4AaABAg,youtube,id,True,False,False,canonical,False,Kelebihan ampas tebu fermentasi untuk metan apa sudah teruji,False,False,False,False,False
