contradiction_id,assumption_challenged,n_customer_voice,pct_of_voice,n_platforms,platforms,evidence_level,example_paraphrases,interpretation,implication,example_record_ids
ANTI_AUTOMATION,Users need/want automation and sensors,189,0.208,8.0,"{'gardenweb': 66, 'reddit': 57, 'youtube': 37, 'lemmy': 10, 'hackernews': 7, 'bluesky': 6, 'stackexchange': 4, 'mastodon': 2}",E3,"Forum veterans call passive wick/Kratky systems the most reliable and leave them unattended for weeks; Kratky guides promote no-pump, no-electronics growing.","A strong low-tech, passive-system culture exists, especially among experienced English-speaking hobbyists.","Offer a passive/low-power mode; position sensors as optional insight, not a requirement.",bluesky:at://did:plc:cccqfdqah2r75bhocwtewjmy/app.bsky.feed.post/3mswdca7f3c2l|bluesky:at://did:plc:mbvl7eofeyf5gyeatysd5d2r/app.bsky.feed.post/3mh444twvni2s|bluesky:at://did:plc:mc53cqt6fwe7fzx26y2pn3uu/app.bsky.feed.post/3ltfywrrtic2t|bluesky:at://did:plc:rxjdsdxfbg2w4t743r6samd5/app.bsky.feed.post/3m3dpaglx242r|bluesky:at://did:plc:rxjdsdxfbg2w4t743r6samd5/app.bsky.feed.post/3mnx2mqta2o2u|bluesky:at://did:plc:wittegnvaej4ouyyntqnkagl/app.bsky.feed.post/3mnkpzxq62t2d|gardenweb:gw_a14199647|gardenweb:gw_a14776633|gardenweb:gw_a15078754|gardenweb:gw_a16429434
PRICE_OVER_FEATURES,Middle-market buyers will pay for an integrated kit,42,0.046,7.0,"{'gardenweb': 14, 'youtube': 13, 'reddit': 9, 'hackernews': 3, 'lemmy': 1, 'mastodon': 1, 'stackexchange': 1}",E3,"Reactions to kit videos: 'I can build this for a fraction of the cost', 'waste of money, I can make it for under $100'.",DIY substitution is the main competitor; visible hardware is judged on parts cost.,"Justify price through outcomes (success rate, saved time) and bundled consumables; avoid commodity-looking hardware.",gardenweb:gw_a14705720|gardenweb:gw_a21762118|gardenweb:gw_a7342726|gardenweb:gw_a7343984|gardenweb:gw_a7357635|gardenweb:gw_a7361678|gardenweb:gw_a7361968|gardenweb:gw_a7364589|gardenweb:gw_a7372491|gardenweb:gw_a7373807
SOIL_PREFERENCE,Hydroponics is easier than soil for beginners,33,0.036,6.0,"{'youtube': 13, 'reddit': 10, 'gardenweb': 7, 'bluesky': 1, 'hackernews': 1, 'lemmy': 1}",E3,Growers report quitting hydro after chasing pH and water temperature without a chiller and returning to soil; mold/algae problems push beginners back.,Abandonment is driven by the exact chemistry/temperature frictions HYCANE targets.,This contradiction doubles as problem validation; measure abandonment reduction in the pilot.,bluesky:at://did:plc:5fgytk4xykon2jurbfjph7oy/app.bsky.feed.post/3lq3limoip22h|gardenweb:gw_a7318146|gardenweb:gw_a7335221|gardenweb:gw_a7363254|gardenweb:gw_a7365191|gardenweb:gw_a7380643|gardenweb:gw_a7389933|gardenweb:gw_q5986715|hackernews:20434212|lemmy:https://sopuli.xyz/comment/17913437
SUSTAINABILITY_SKEPTIC,Hydroponics is perceived as sustainable,30,0.033,6.0,"{'youtube': 12, 'hackernews': 11, 'lemmy': 4, 'bluesky': 1, 'gardenweb': 1, 'reddit': 1}",E3,Indonesian viewers ask whether pumps waste electricity ('boros listrik'); HN/Lemmy debates question vertical-farm energy use.,"Energy use is the main sustainability objection, not growing media.",Publish energy use per cycle; prefer low-power pumps/solar options; don't over-claim.,bluesky:at://did:plc:7ulqnvffuoo5azdbzzjzeebb/app.bsky.feed.post/3mwbrercmzc2x|gardenweb:gw_a7315934|hackernews:12660399|hackernews:13627154|hackernews:14810709|hackernews:17594895|hackernews:21392807|hackernews:25088027|hackernews:25853901|hackernews:31445492
SUBSCRIPTION_DISLIKE,Users accept recurring subscriptions/consumables,21,0.023,7.0,"{'reddit': 10, 'bluesky': 3, 'youtube': 3, 'hackernews': 2, 'gardenweb': 1, 'lemmy': 1, 'mastodon': 1}",E3,Smart-garden owners criticise ~$5-per-pod pricing and prefer planting their own seed kits.,Closed consumable ecosystems trigger resentment.,Keep media/nutrient refills open and optional; price refills transparently.,bluesky:at://did:plc:4rguxzsqo2yesqoxnsgn54yb/app.bsky.feed.post/3lsriu33bv22s|bluesky:at://did:plc:wmaslshjsrnxxahydqpnhs7w/app.bsky.feed.post/3mimayspsj22k|bluesky:at://did:plc:z6swtdtpr4dwz2b6q2deipw7/app.bsky.feed.post/3mwbkpfp5dk23|gardenweb:gw_a7404246|hackernews:43177982|hackernews:7126768|lemmy:https://slrpnk.net/post/20931058|mastodon:https://vive.im/users/afg/statuses/116521154924470178|reddit:t3_15j1bnv|reddit:t3_1c1k9zv
APP_DISLIKE,An app improves the experience,8,0.009,2.0,"{'reddit': 7, 'bluesky': 1}",E2,"Owners report apps that send no alerts unless opened, WiFi disconnections, and buggy updates.",App reliability failures are noticed and discussed; alerts must work in the background.,Prioritize reliable push alerts and offline operation over dashboard features.,bluesky:at://did:plc:55vnglnxgcfoqcpchpcf7hx6/app.bsky.feed.post/3l7ckf4c3tk2c|reddit:t3_17kvsb2|reddit:t3_18r0qbm|reddit:t3_1nr68gb|reddit:t3_1w509ag|reddit:t3_1zgd23|reddit:t3_7naya2|reddit:t3_dag5pm
SENSOR_DISTRUST,Sensor readings are trusted,8,0.009,3.0,"{'youtube': 4, 'gardenweb': 3, 'reddit': 1}",E3,"DIY builders struggle with pH probes drying out, zeroing signal boards and replacement probes.",Low volume but concentrated among technical users; calibration is a known pain.,Calibration guidance and probe replacement/consumable plan.,gardenweb:gw_a7318139|gardenweb:gw_q1982858|gardenweb:gw_q5940584|reddit:t3_4m80f1|youtube:UgxxXNweCzNNSQVoGEF4AaABAg.AGxFlT2GaM7AH09Ts5hcO7|youtube:UgyRhw246e0JHDKg61d4AaABAg|youtube:UgywlagdM2wF_LtowOR4AaABAg|youtube:UgzTYqnknc0jJivbXkp4AaABAg
AI_SKEPTICISM,AI adds value,3,0.003,3.0,"{'bluesky': 1, 'reddit': 1, 'youtube': 1}",E2,A hydroponics business owner doubts AI improves growing beyond what scale already solves.,Very rare in corpus; AI is mostly not discussed at all.,Do not lead with AI claims.,bluesky:at://did:plc:i5qr7urvkzlnejfvgs7z23fn/app.bsky.feed.post/3m46zcu36ks2f|reddit:t3_1s4rq8p|youtube:UgytHj0V5JgfRsbwKLJ4AaABAg.ALzOnDSAMj4AVMJmqB-xZz
MARKET_AEROGARDEN_SHUTDOWN,Consumer smart-hydroponic kits are a durable business,expert stream,,,,E3,,"Scotts Miracle-Gro announced in Nov 2024 it would shut down AeroGarden (EX006), later relaunched in 2025 (EX007).",Plan for app/brand continuity and a non-app fallback; show unit economics.,
ACADEMIC_SENSOR_LIMITS,Sensors + automated dosing solve nutrient management,expert/academic stream,,,,E5,,UF/IFAS (EX005) and a 2023 review (W4388723157) note EC-based dosing is imprecise and can waste nutrients.,Recommendations must be crop- and stage-aware; avoid 'fully automatic' claims.,
ACADEMIC_BAGASSE_GAP,Bagasse media performance is established,academic stream,,,,E5,,No study in the index tests bagasse as a water-culture hydroponic medium; nearest analogues are soilless tomato substrates (W4293085516) and date-palm waste vs rockwool (W4390103616).,Lab validation is a prerequisite for media claims.,
