metric,value
bronze_rows,150708.0
unique_source_objects,136019.0
source_id_duplicate_rate,0.0975
irrelevant_rate,0.229
unrelated_meaning_excluded,443.0
spam_rate_among_relevant,0.0031
text_duplicate_rate_among_relevant,0.0288
semantic_duplicates,348.0
cannabis_context_share_of_gold,0.0151
news_or_promo_share_of_core,0.0071
missing_timestamp_rate_gold,0.0
mean_language_confidence_gold,0.757
low_language_confidence_share,0.1774
geo_known_rate_gold,0.0124
gold_records,93125.0
gold_core_scope,91723.0
customer_voice_core,91068.0
requests_logged,5142.0
request_error_rate,0.0134
requests_with_retries_share,0.0325
