feature,hycane_component,mentions,explicit_requests,explicit_platforms,mention_platforms,related_pains,pain_derived_count,contradiction_probe,contradiction_count,demand_class,mention_pct_of_voice,denominator,example_explicit_ids
education,Education content,7226,228,8,8,NUTRIENTS|KNOWLEDGE|SETUP|LIGHT|SUPPORT,3509,,0,EXPLICIT_REQUEST,7.93,91068,bluesky:at://did:plc:coajzn6mbbnu7fc2mhviwu4k/app.bsky.feed.post/3m24mu4h3rk26|bluesky:at://did:plc:lkmm2r7zciuu4n25mccrhb26/app.bsky.feed.post/3moqb6fmxmn2y|gardenweb:gw_a15424155|gardenweb:gw_a7314872|gardenweb:gw_a7319311|gardenweb:gw_a7333637
community,Community,1171,62,7,8,PLANT_HEALTH|KNOWLEDGE|SUPPORT,6473,,0,EXPLICIT_REQUEST,1.29,91068,bluesky:at://did:plc:jd5snpwtj3q5tshysaxpixnb/app.bsky.feed.post/3mtckays4kc2v|gardenweb:gw_a15450163|gardenweb:gw_a16561411|gardenweb:gw_a7316717|gardenweb:gw_a7320404|gardenweb:gw_a7325994
tds_ec_monitoring,IoT TDS/EC sensor,763,46,6,8,EC_TDS|NUTRIENTS|SENSOR,1945,SENSOR_DISTRUST,8,EXPLICIT_REQUEST,0.84,91068,bluesky:at://did:plc:rxjdsdxfbg2w4t743r6samd5/app.bsky.feed.post/3mgfxbp22tc2e|gardenweb:gw_a15684706|gardenweb:gw_a16419301|gardenweb:gw_a16419517|gardenweb:gw_a7312096|gardenweb:gw_a7328304
ph_monitoring,IoT pH sensor,615,31,6,8,PH|SENSOR,800,SENSOR_DISTRUST,8,EXPLICIT_REQUEST,0.68,91068,bluesky:at://did:plc:rxjdsdxfbg2w4t743r6samd5/app.bsky.feed.post/3mgfxbp22tc2e|gardenweb:gw_a15684706|gardenweb:gw_a21021616|gardenweb:gw_a7328304|gardenweb:gw_a7341678|gardenweb:gw_a7358275
trend_history,Cloud data history,657,30,5,8,PH,687,,0,EXPLICIT_REQUEST,0.72,91068,gardenweb:gw_a15424155|gardenweb:gw_a7307578|gardenweb:gw_a7310187|gardenweb:gw_a7315909|gardenweb:gw_a7322465|gardenweb:gw_a7324391
diagnostics,AI/plant diagnostics,311,18,5,8,NUTRIENTS|OXYGEN|PLANT_HEALTH|LIGHT,6473,,0,EXPLICIT_REQUEST,0.34,91068,gardenweb:gw_a7338842|gardenweb:gw_a7347378|gardenweb:gw_a7367124|gardenweb:gw_a7371155|gardenweb:gw_a7377193|lemmy:https://lemmy.world/post/19629981
dashboard,App dashboard,360,18,5,8,SOFTWARE,92,APP_DISLIKE,8,EXPLICIT_REQUEST,0.4,91068,bluesky:at://did:plc:lkmm2r7zciuu4n25mccrhb26/app.bsky.feed.post/3mjioyljqpn25|gardenweb:gw_a7310204|gardenweb:gw_a7314832|gardenweb:gw_a7323316|gardenweb:gw_a7323651|gardenweb:gw_a7338842
beginner_mode,Guided beginner mode,207,8,2,8,KNOWLEDGE|SETUP|SPACE,2010,,0,STRONG_INFERRED,0.23,91068,reddit:t3_1pz3x8a|reddit:t3_1s4a96f|reddit:t3_1s7m73z|reddit:t3_4ysek0|reddit:t3_60t8nu|reddit:t3_a91njx
biodegradable_media,Bagasse biodegradable media,73,8,4,7,MEDIA|SUSTAINABILITY,560,SUSTAINABILITY_SKEPTIC,30,STRONG_INFERRED,0.08,91068,hackernews:15967831|hackernews:44217979|lemmy:https://lemmy.ml/comment/13517209|lemmy:https://lemmy.world/comment/23133304|reddit:t3_74dffl|reddit:t3_eh8fi2
water_level_monitoring,IoT water-level sensor,149,6,3,6,WATER|EQUIPMENT,1332,,0,STRONG_INFERRED,0.16,91068,gardenweb:gw_q1984811|gardenweb:gw_q3292930|reddit:t3_1lkfmsq|reddit:t3_86gjn9|reddit:t3_iwqbug|youtube:UgxmPKvSIK8en65HRYZ4AaABAg.AReGYtpVCezARkViYyoPuQ
remote_app_control,Remote app control,58,6,3,8,TIME|AUTOMATION|SOFTWARE,698,APP_DISLIKE,8,STRONG_INFERRED,0.06,91068,gardenweb:gw_a7404248|reddit:t1_hq30pi8|reddit:t3_1s7m73z|reddit:t3_2orvta|youtube:Ugx6mWzL-2cIya5-Ajt4AaABAg.AKc40ZQ8RjhAKnjV_WY6sk|youtube:Ugz7GuMGN8daiQmHr2h4AaABAg
recommendations,AI recommendations,92,5,2,8,PH|EC_TDS|NUTRIENTS|PLANT_HEALTH|KNOWLEDGE|AI,8983,AI_SKEPTICISM,3,STRONG_INFERRED,0.1,91068,gardenweb:gw_a7403058|gardenweb:gw_a7403222|gardenweb:gw_q1989990|reddit:t3_l91jh|reddit:t3_p98rh
temperature_monitoring,IoT temperature sensor,53,5,4,6,TEMPERATURE,459,,0,STRONG_INFERRED,0.06,91068,gardenweb:gw_a7328304|gardenweb:gw_a7371375|mastodon:https://infosec.exchange/users/tinker/statuses/116875791557251037|reddit:t3_4np4z3|youtube:Ugyk4QXneeb6uT-9FL54AaABAg
reminders,App reminders,145,5,4,7,WATER|TIME,450,,0,STRONG_INFERRED,0.16,91068,gardenweb:gw_a7358833|gardenweb:gw_q6261038|lemmy:https://slrpnk.net/comment/1035067|reddit:t3_l91jh|youtube:Ugxm9bvKzRvNTV6Xrol4AaABAg
alerts,App alerts,120,3,2,8,PH|EC_TDS|TEMPERATURE|WATER|OXYGEN|TIME|EQUIPMENT|AUTOMATION,3765,APP_DISLIKE,8,STRONG_INFERRED,0.13,91068,gardenweb:gw_a7366084|gardenweb:gw_a7404246|reddit:t3_edrnvq
automation_dosing,Automated dosing (not in current concept),76,1,1,6,TIME|AUTOMATION,606,ANTI_AUTOMATION,189,STRONG_INFERRED,0.08,91068,hackernews:49434986
ai_anomaly_detection,AI anomaly detection,1,0,0,1,PLANT_HEALTH|AI,4776,AI_SKEPTICISM,3,STRONG_INFERRED,0.0,91068,
