text_language,gold,customer_voice,mean_conf
en,57801,56235,0.85
id,31139,30703,0.614
tl,1733,1725,0.536
de,313,281,0.59
pt,258,257,0.764
es,256,254,0.683
ms,213,210,0.448
fi,195,195,0.339
fr,122,122,0.547
ru,120,120,0.938
nl,117,113,0.273
da,110,110,0.342
tr,105,105,0.499
sv,80,79,0.315
cs,78,75,0.313
ar,75,75,0.587
it,71,71,0.374
pl,64,64,0.343
vi,63,62,0.899
ro,48,48,0.243
ca,38,38,0.205
hi,24,24,1.0
hu,22,22,0.34
th,21,21,1.0
ko,20,20,1.0
und,14,14,0.0
ja,10,10,1.0
zh,10,10,1.0
uk,4,4,0.899
el,1,1,1.0
