field,missing_n,missing_pct
record_id,0,0.0
source_family,0,0.0
platform,0,0.0
source_type,0,0.0
record_type,0,0.0
source_url,0,0.0
source_id,0,0.0
parent_id,22785,24.47
thread_id,0,0.0
thread_title,3738,4.01
community,61096,65.61
query_id,0,0.0
collection_run_id,0,0.0
created_at,0,0.0
collected_at,0,0.0
text_raw,0,0.0
text_is_html,0,0.0
author_id_hash,1111,1.19
author_public_profile_location,93125,100.0
platform_language,89502,96.11
likes,1773,1.9
replies,31455,33.78
shares,89150,95.73
views,92962,99.82
rating,93125,100.0
is_reply,0,0.0
is_repost,0,0.0
is_quote,0,0.0
access_method,0,0.0
raw_capture_path,0,0.0
extra,67304,72.27
text_raw_sha256,0,0.0
provenance_hash,0,0.0
n_captures,0,0.0
all_query_ids,0,0.0
text_clean,0,0.0
urls,88325,94.85
n_urls,0,0.0
mentions,88853,95.41
hashtags,90024,96.67
emoji_count,0,0.0
text_model,0,0.0
n_chars,0,0.0
text_language_detected,0,0.0
text_language,0,0.0
language_reassigned,0,0.0
language_confidence,0,0.0
relevance_score,0,0.0
relevance_basis,0,0.0
bagasse_mention,0,0.0
bagasse_media_context,0,0.0
is_relevant,0,0.0
cannabis_context,0,0.0
exclusion_meaning,93125,100.0
norm_hash,0,0.0
spam_reason_codes,91788,98.56
spam_probability,0,0.0
is_spam,0,0.0
exact_hash,0,0.0
url_text_hash,0,0.0
duplicate_cluster_id,91563,98.32
duplicate_status,0,0.0
duplicate_reason,93125,100.0
is_cross_post,0,0.0
exclusion_reason,93125,100.0
in_core_scope,0,0.0
pain_points,81917,87.96
pain_severity,81917,87.96
max_pain_severity,0,0.0
aspect_labels,47678,51.2
intents,32870,35.3
intent,0,0.0
author_experience_signal,0,0.0
feature_mentions,81890,87.94
feature_explicit,92665,99.51
purchase_signal,0,0.0
price_signal,86960,93.38
sustainability_signal,0,0.0
voice_type,0,0.0
contradiction_flags,92770,99.62
evidence_type,0,0.0
semantic_duplicate_of,93125,100.0
sent_lexicon,0,0.0
sent_lexicon_conf,0,0.0
p_lexicon_neg,0,0.0
p_lexicon_neu,0,0.0
p_lexicon_pos,0,0.0
sent_xlmr,0,0.0
sent_xlmr_conf,0,0.0
p_xlmr_neg,0,0.0
p_xlmr_neu,0,0.0
p_xlmr_pos,0,0.0
sent_xlmr_id,0,0.0
sent_xlmr_id_conf,0,0.0
p_xlmr_id_neg,0,0.0
p_xlmr_id_neu,0,0.0
p_xlmr_id_pos,0,0.0
sentiment,0,0.0
sentiment_confidence,0,0.0
sentiment_model,0,0.0
sentiment_label_source,0,0.0
aspect_sentiment,47681,51.2
persona_cluster,62011,66.59
persona_confidence,62011,66.59
topic_id,1402,1.51
nmf_topic,1402,1.51
topic_label,1402,1.51
topic_confidence,93125,100.0
is_customer_voice,0,0.0
pain_point,81917,87.96
pain_point_severity,0,0.0
pain_point_confidence,81917,87.96
intent_confidence,0,0.0
feature_demand,81890,87.94
feature_confidence,81890,87.94
country,92897,99.76
region,93125,100.0
geo_source,91966,98.76
geo_confidence,91966,98.76
self_reported_place,92191,99.0
evidence_strength,93125,100.0
