,customer_voice_core,high_confidence_only(>=0.7),include_cannabis_context,include_news_promo,exclude_dominant_platform,comments_only,posts_only,thread_normalised(weighted)
AI,0.02,0.01,0.03,0.03,0.05,0.02,0.05,0.06
AUTOMATION,0.56,0.25,0.58,0.56,1.08,0.46,0.88,1.08
COST,2.11,1.24,2.17,2.14,3.17,2.12,2.1,2.42
EC_TDS,0.48,0.18,0.49,0.48,0.67,0.48,0.47,0.44
EQUIPMENT,1.07,0.59,1.1,1.07,1.82,0.94,1.5,1.46
KNOWLEDGE,1.85,0.82,1.9,1.86,3.73,1.19,3.94,3.48
LIGHT,0.09,0.03,0.09,0.09,0.21,0.04,0.26,0.23
MEDIA,0.37,0.13,0.38,0.38,0.75,0.3,0.62,0.58
NUTRIENTS,1.53,0.54,1.58,1.54,2.82,1.35,2.11,1.87
OXYGEN,0.27,0.09,0.27,0.26,0.51,0.24,0.36,0.34
PH,0.75,0.3,0.78,0.76,1.35,0.66,1.06,0.96
PLANT_HEALTH,5.22,3.08,5.32,5.24,8.65,4.42,7.73,7.48
SENSOR,0.12,0.07,0.13,0.13,0.19,0.1,0.2,0.18
SETUP,0.34,0.14,0.35,0.34,0.71,0.2,0.78,0.71
SOFTWARE,0.1,0.05,0.1,0.1,0.21,0.08,0.17,0.21
SPACE,0.01,0.0,0.01,0.01,0.02,0.01,0.02,0.02
SUPPORT,0.03,0.02,0.03,0.04,0.05,0.03,0.06,0.05
SUSTAINABILITY,0.24,0.07,0.25,0.25,0.44,0.26,0.2,0.31
TEMPERATURE,0.5,0.24,0.51,0.5,0.75,0.48,0.59,0.58
TIME,0.1,0.04,0.11,0.11,0.17,0.09,0.14,0.15
WATER,0.39,0.13,0.41,0.39,0.74,0.33,0.59,0.52
