pain_points,beginner_or_never_pct,experienced_pct,diff_pp
KNOWLEDGE,4.19,3.95,0.24
SPACE,0.03,0.0,0.03
LIGHT,0.13,0.14,-0.01
TIME,0.13,0.19,-0.06
AI,0.03,0.1,-0.07
SUPPORT,0.04,0.14,-0.1
TEMPERATURE,0.57,0.71,-0.14
EC_TDS,0.58,0.76,-0.18
SENSOR,0.1,0.29,-0.19
SETUP,0.68,0.9,-0.22
SOFTWARE,0.08,0.33,-0.25
PH,1.05,1.33,-0.28
OXYGEN,0.39,0.71,-0.32
WATER,0.59,0.95,-0.36
MEDIA,0.62,1.14,-0.52
SUSTAINABILITY,0.25,1.1,-0.85
AUTOMATION,0.57,1.67,-1.1
NUTRIENTS,2.21,3.38,-1.17
EQUIPMENT,1.19,2.48,-1.29
PLANT_HEALTH,6.03,10.19,-4.16
COST,2.22,7.14,-4.92
