pain_point,count,corpus_share,denominator,unique_threads,unique_thread_share,platforms_with_3plus,platform_breadth,recurrence_months,recurrence,negative_share,mean_severity,explicitness,first_person_share,abandonment_cooccurrence,persona_concentration,top_persona,hycane_relevance,indonesian_count,example_record_ids,priority_A_multiplicative,priority_B_weighted_additive,priority_C_customer_only(no relevance),rank_A,rank_B,rank_C
PLANT_HEALTH,4754,0.0522,91068,2802,0.1119,8,1.0,270,0.951,0.369,3.19,0.2,0.813,56,0.726,1,0.7,967,reddit:t3_1uhu247|reddit:t3_gx82ko|reddit:t3_1bjbzit|reddit:t3_1dnfa2u|lemmy:https://slrpnk.net/post/32877026|gardenweb:gw_a7367144|lemmy:https://lemmy.world/post/42255165|gardenweb:gw_a7397794,0.6968,0.9388,0.9954,1,1,1
NUTRIENTS,1393,0.0153,91068,987,0.0394,8,1.0,250,0.88,0.342,3.11,0.225,0.856,20,0.848,1,0.8,248,gardenweb:gw_a7363178|gardenweb:gw_a7354346|gardenweb:gw_q1997365|gardenweb:gw_a7366054|reddit:t3_1bjbzit|reddit:t3_1w0okb6|reddit:t3_620buo|reddit:t3_1dnfa2u,0.5811,0.8871,0.7264,2,2,2
PH,687,0.0075,91068,482,0.0192,8,1.0,217,0.764,0.32,3.14,0.237,0.884,7,0.881,1,1.0,106,reddit:t3_1dnfa2u|gardenweb:gw_a7402500|reddit:t3_1000a8h|youtube:UgzwHFF2o8KaRjP0rp14AaABAg|gardenweb:gw_q1991132|gardenweb:gw_q1985112|gardenweb:gw_q1985239|gardenweb:gw_q1985652,0.5549,0.8836,0.5549,3,3,4
EQUIPMENT,977,0.0107,91068,718,0.0287,8,1.0,227,0.799,0.411,3.12,0.185,0.844,13,0.882,1,0.6,175,reddit:t3_28qfvi|gardenweb:gw_a7380363|lemmy:https://lemmy.world/post/42255165|gardenweb:gw_a7377082|reddit:t3_1s61sl3|gardenweb:gw_q1995195|hackernews:13746552|gardenweb:gw_q3145025,0.3928,0.8358,0.6546,4,5,3
KNOWLEDGE,1688,0.0185,91068,1383,0.0552,8,1.0,250,0.88,0.354,2.08,0.24,0.937,19,0.747,1,0.8,151,reddit:t3_gx82ko|reddit:t3_1wykjom|gardenweb:gw_a7380287|reddit:t3_28qfvi|gardenweb:gw_a7377082|gardenweb:gw_q1992271|gardenweb:gw_a7403164|gardenweb:gw_a7403069,0.3906,0.8123,0.4883,5,7,5
TEMPERATURE,459,0.005,91068,357,0.0143,8,1.0,176,0.62,0.381,3.07,0.211,0.841,5,0.833,1,0.9,106,reddit:t3_1uhu247|gardenweb:gw_a7354346|gardenweb:gw_a7367891|gardenweb:gw_a7382639|gardenweb:gw_a7376715|gardenweb:gw_a7374619|reddit:t3_1q5krlz|reddit:t3_1s7wwbm,0.3862,0.8362,0.4292,6,4,7
EC_TDS,439,0.0048,91068,275,0.011,7,0.875,151,0.532,0.33,3.08,0.212,0.843,1,0.904,1,1.0,164,youtube:Ugw4aeBwOoycNcYR-Q94AaABAg|reddit:t3_1s3a0v6|gardenweb:gw_a7377443|youtube:UgyVNNa84NN-AZgejy14AaABAg|gardenweb:gw_a7375946|reddit:t3_1joai54|youtube:UgxEbhmqfCECcI_4NE14AaABAg.AJ6OuSEbUjGALPa0Mml7ad|gardenweb:gw_a7371375,0.3052,0.8155,0.3052,7,6,8
COST,1925,0.0211,91068,1195,0.0477,8,1.0,251,0.884,0.309,2.08,0.106,0.83,22,0.937,1,0.5,385,reddit:t3_a60ijz|reddit:t3_1fq4qxp|gardenweb:gw_a7363178|reddit:t3_1000a8h|lemmy:https://lemmy.world/comment/25489762|gardenweb:gw_q1989616|gardenweb:gw_a7334535|gardenweb:gw_a7316972,0.2386,0.7509,0.4772,8,8,6
MEDIA,340,0.0037,91068,298,0.0119,8,1.0,158,0.556,0.341,2.08,0.212,0.921,5,0.89,1,0.9,43,reddit:t3_kkmic7|gardenweb:gw_a7357921|reddit:t3_30p5mk|gardenweb:gw_a7371375|gardenweb:gw_a7368546|reddit:t3_1tmlsck|reddit:t3_1wu6nv4|gardenweb:gw_a7364593,0.207,0.7283,0.23,9,9,9
WATER,355,0.0039,91068,307,0.0123,7,0.875,168,0.592,0.344,2.07,0.251,0.885,2,0.92,1,0.8,37,gardenweb:gw_a7343147|gardenweb:gw_a7366054|reddit:t3_a60ijz|reddit:t3_1w0okb6|reddit:t3_1s7jdrp|reddit:t1_crguqar|gardenweb:gw_a7360383|gardenweb:gw_a7403810,0.1667,0.6909,0.2084,10,10,10
SETUP,313,0.0034,91068,294,0.0117,8,1.0,151,0.532,0.294,2.07,0.284,0.933,5,0.866,1,0.6,24,reddit:t3_1wykjom|gardenweb:gw_a7377082|gardenweb:gw_a7395136|reddit:t3_1bartmb|youtube:UgygKbu0XSQmdifGDyp4AaABAg|reddit:t3_33mr18|gardenweb:gw_a7353487|reddit:t3_18s4z2s,0.1227,0.6537,0.2046,11,11,11
AUTOMATION,511,0.0056,91068,434,0.0173,8,1.0,163,0.574,0.147,1.12,0.139,0.798,3,0.978,1,0.7,60,lemmy:https://lemm.ee/comment/18895876|lemmy:https://slrpnk.net/post/32877026|stackexchange:a30179|gardenweb:gw_q1990411|hackernews:24472029|hackernews:22849481|youtube:UgynKJHviRLDro-8-gF4AaABAg|hackernews:18336239,0.0487,0.5963,0.0696,12,12,13
OXYGEN,242,0.0027,91068,205,0.0082,5,0.625,140,0.493,0.36,2.08,0.223,0.888,4,0.922,1,0.4,18,gardenweb:gw_a7354346|reddit:t3_a60ijz|gardenweb:gw_a7375335|reddit:t3_1wu6nv4|reddit:t3_39bc7m|gardenweb:gw_a7378665|reddit:t3_4bv1fb|gardenweb:gw_a7377347,0.0427,0.5429,0.1068,13,15,12
SENSOR,113,0.0012,91068,85,0.0034,5,0.625,70,0.246,0.292,2.11,0.15,0.858,1,0.982,1,0.9,27,reddit:t3_1000a8h|reddit:t3_1s3a0v6|gardenweb:gw_q1988641|gardenweb:gw_a7328304|youtube:UgxxXNweCzNNSQVoGEF4AaABAg.AGxFlT2GaM7AH09Ts5hcO7|reddit:t3_348uwv|reddit:t3_50l32s|gardenweb:gw_q1982858,0.041,0.5768,0.0455,14,13,16
SOFTWARE,92,0.001,91068,89,0.0036,6,0.75,67,0.236,0.402,2.08,0.152,0.913,2,0.966,1,0.7,9,gardenweb:gw_a7356493|gardenweb:gw_a7356499|gardenweb:gw_q1989388|reddit:t3_l91jh|gardenweb:gw_a7325546|hackernews:33789350|reddit:t3_1td2bn7|youtube:UgwlK9RT6bdm77k6tYF4AaABAg,0.0406,0.5651,0.058,15,14,15
SUSTAINABILITY,220,0.0024,91068,183,0.0073,7,0.875,138,0.486,0.314,1.07,0.205,0.782,5,0.952,1,0.6,37,gardenweb:gw_a7380287|youtube:UgzzpUSimUEpXSGXvwV4AaABAg|hackernews:27192581|reddit:t3_4op4sh|reddit:t3_1qeuob0|gardenweb:gw_a7380399|gardenweb:gw_a7380347|reddit:t3_1dzznxr,0.0395,0.5319,0.0658,16,16,14
TIME,95,0.001,91068,91,0.0036,4,0.5,73,0.257,0.295,2.02,0.211,0.821,2,0.818,1,0.7,24,hackernews:6864413|reddit:t3_po89o5|hackernews:17856023|reddit:t1_kclecaw|gardenweb:gw_a7404253|reddit:t3_14k815m|gardenweb:gw_a7356490|gardenweb:gw_a7366050,0.0216,0.5009,0.0308,17,17,18
LIGHT,84,0.0009,91068,82,0.0033,6,0.75,61,0.215,0.25,2.05,0.19,0.94,0,0.765,1,0.3,1,mastodon:https://infosec.exchange/users/tinker/statuses/114399404429116232|reddit:t3_1nsyryw|gardenweb:gw_a7349040|gardenweb:gw_a7369783|reddit:t3_1tmlsck|gardenweb:gw_a7384820|reddit:t3_1fqrrhe|reddit:t3_1tb6aq1,0.013,0.4515,0.0435,18,18,17
SUPPORT,31,0.0003,91068,30,0.0012,3,0.375,26,0.092,0.452,2.1,0.129,0.871,0,0.767,1,0.6,5,youtube:UgwdNIGp3sDRxjR5QCF4AaABAg.AEUPtvOy6lpAal-EBskxu1|gardenweb:gw_a7397345|gardenweb:gw_a7396456|gardenweb:gw_q1987316|reddit:t1_nwo4n1e|reddit:t3_14nd9vu|youtube:UgwOVIdSSIpwH2o6HYV4AaABAg|reddit:t3_1ptgnhi,0.0044,0.4267,0.0074,19,19,19
AI,22,0.0002,91068,21,0.0008,4,0.5,15,0.053,0.364,1.05,0.091,0.773,0,0.955,1,0.6,1,reddit:t3_1u4kenn|reddit:t3_1s7jdrp|reddit:t3_1loiwf1|lemmy:https://lemmy.world/comment/17398408|reddit:t3_1q0jilk|bluesky:at://did:plc:hgbmsfpj25m3b4kvk32ghlyx/app.bsky.feed.post/3mm2kslwp4k2h|bluesky:at://did:plc:mrxzmb2jmpbnb4bmkz4kpahq/app.bsky.feed.post/3mbpzojgtms2h|hackernews:46356496,0.0018,0.3295,0.003,20,20,20
SPACE,9,0.0001,91068,9,0.0004,2,0.25,9,0.032,0.111,1.0,0.333,0.889,0,0.889,1,0.6,3,reddit:t3_1v1myr0|lemmy:https://piefed.social/c/gardening/p/2094148/my-luffas-are-starting|reddit:t3_1polq87|reddit:t3_70t84n|reddit:t3_8rjwz3|youtube:Ugx-IGbqWU3BO0RxUD14AaABAg.AE6MO67s8bkAFOeMGVF9pe|youtube:Ugy5nopf3FRXn4AAm2B4AaABAg|hackernews:950471,0.0001,0.2,0.0001,21,21,21
