F,S,R,B,Rel,pain_point
0.7177574181958954,0.946397058512354,0.816866158088285,0.9999999988,1.0,PH
0.6524931814047051,0.9331617643995729,0.5896626762898122,0.849999999,1.0,EC_TDS
0.8208546851354359,0.9510294114518273,0.9304678989875215,0.9999999988,0.8,NUTRIENTS
0.6589831562996412,0.9636029408589694,0.6758433073168191,0.9999999988,0.9,TEMPERATURE
0.6215638742960552,0.6082352939307958,0.6484221974445896,0.849999999,0.8,WATER
0.5658108074711478,0.622132352749216,0.5514689875392067,0.5499999994,0.4,OXYGEN
0.9999999998539996,0.9953676467296442,0.9999999990206747,0.9999999988,0.7,PLANT_HEALTH
0.8488808224854774,0.6181617645153817,0.9304678989875215,0.9999999988,0.8,KNOWLEDGE
0.6032353139436122,0.575147058648843,0.5896626762898122,0.9999999988,0.6,SETUP
0.4302183058320115,0.5592647057135056,0.3203482043304155,0.3999999996,0.7,TIME
0.8680519409861351,0.5883823527616241,0.9343852003978399,0.9999999988,0.5,COST
0.1,0.1,0.1,0.1,0.6,SPACE
0.7691087986215231,0.9999999996691176,0.8511425454285718,0.9999999988,0.6,EQUIPMENT
0.4553085112285937,0.587058823350346,0.30957562545203965,0.5499999994,0.9,SENSOR
0.6746195263974004,0.16352941174134955,0.6307943410981564,0.9999999988,0.7,AUTOMATION
0.4255829833365271,0.6499264703860564,0.29978237192624335,0.6999999992,0.7,SOFTWARE
0.22160506096914012,0.28397058816765786,0.12056583240417211,0.3999999996,0.6,AI
0.6152788122698802,0.6095588233420739,0.6131664847517232,0.9999999988,0.9,MEDIA
0.5519555536775657,0.2574999999420956,0.5446137100711494,0.849999999,0.6,SUSTAINABILITY
0.41245050525186133,0.5394117645443338,0.27921653952207126,0.6999999992,0.3,LIGHT
0.2698204777062398,0.6896323527243998,0.15875952115477746,0.2499999998,0.6,SUPPORT
