topic_label,bluesky,gardenweb,hackernews,lemmy,mastodon,reddit,stackexchange,youtube
"AB mix, fertilizer & rockwool (ID)",1.55,0.7,0.18,1.21,0.18,1.26,0.25,4.96
AeroGarden devices & seed pods,3.05,0.87,1.85,1.77,1.94,4.65,2.28,0.35
"Algae, hydrogen peroxide & oxygenation",0.44,2.59,0.6,0.65,0.36,0.9,3.81,0.78
Aquaponics & fish-integrated systems,9.33,4.4,10.25,10.42,19.53,6.58,4.57,3.91
"Buying: price, where to buy, start-up capital",1.12,1.07,1.49,1.21,0.18,0.94,0.25,4.0
Channel/link requests & meta posts (noise),0.31,1.93,0.72,1.12,0.14,0.53,0.0,1.53
Conversational replies to creators (ID: bang/kak/pak),4.66,2.95,0.66,2.05,0.32,2.13,0.0,8.67
"DIY NFT build specs: pipe size, hole spacing",0.31,0.57,0.06,0.28,0.0,0.45,0.0,2.73
DIY system builds & project updates,2.61,0.85,1.01,0.56,0.05,1.48,0.51,1.35
Gardening appreciation & farmer identity,2.55,1.03,0.72,2.42,1.22,1.63,0.0,3.18
General home & indoor hydroponics,21.39,5.29,10.73,14.51,18.22,8.91,10.91,1.27
Gratitude for tutorials (ID: terima kasih ilmunya),1.49,1.52,0.06,0.19,0.18,0.92,0.0,8.94
"Heat, rain & water temperature (tropical)",0.62,1.88,0.77,1.3,0.59,1.02,0.76,2.3
Herbs/basil & pod-based growing,3.11,4.88,0.42,3.91,11.35,13.18,10.41,0.82
Hydroponics vs soil/organic,1.93,5.7,8.1,5.95,1.4,2.59,13.96,2.15
"Leafy & bulb vegetables (sayur, bawang)",3.11,1.1,2.92,2.98,2.12,1.41,1.27,2.9
Learning intent & inspiration (ID),1.12,1.17,0.77,1.21,0.05,0.86,0.25,5.64
Lettuce/greens & Kratky,5.66,4.09,1.91,2.05,6.15,5.18,5.08,0.67
Lighting: sunlight vs grow lights,1.49,4.39,1.85,1.58,1.85,6.09,5.08,1.81
"Nutrient mixing, calcium/nitrate, ppm",1.43,9.14,1.25,1.67,0.86,2.68,9.9,5.22
"Pests (aphids, mites, gnats)",0.68,1.95,0.89,1.4,1.49,1.83,1.27,0.89
Plastic/container safety & DIY containers,0.56,1.99,0.24,1.95,0.32,1.28,0.76,2.23
"Pumps, PVC pipes & electricity",1.0,3.56,1.07,0.93,0.5,1.67,0.0,2.1
"Reservoirs, buckets & DWC plumbing",1.24,5.31,0.89,1.21,1.49,3.21,3.55,0.92
Root health & root-zone management,1.93,9.47,1.97,5.86,3.8,5.47,13.96,1.45
"Seeds, seedlings & fruiting crops (melon)",2.8,3.92,0.89,2.14,1.76,4.54,2.54,4.6
Strawberries,0.87,1.23,0.12,0.56,1.45,1.75,1.02,0.23
TDS/PPM meters & calibration,0.37,3.48,0.36,0.09,0.32,0.81,0.76,3.12
Tagalog/mixed-language replies (PH viewers),1.0,0.28,0.06,1.49,0.36,0.48,0.0,8.31
"Timing: days to harvest, wick cloth, timers",0.5,0.58,0.18,0.65,0.23,1.01,0.25,1.88
Tomatoes & peppers,5.04,7.7,2.62,2.98,13.07,10.26,5.08,0.6
"Towers, solar & 3D-printed systems",1.43,0.36,1.37,2.88,2.67,1.07,0.25,0.74
Vertical farming & food-system debate,13.68,1.51,42.43,18.7,4.79,1.6,0.76,1.63
Video/channel feedback,0.25,0.09,0.12,0.09,0.0,0.2,0.0,3.69
"Water source, quality & water changes",1.37,2.46,0.48,2.05,1.08,1.43,0.51,4.43
