platform,q,gold,customer_voice,problem_solving
gardenweb,GW_hydroponics,10778,10548,1578
youtube,YT_A_en_00,6047,5981,110
reddit,RD_FULL_hydro,5349,5087,770
youtube,YT_A_id_00,4876,4823,86
reddit,RD_FULL_Hydroponics,4715,4572,709
youtube,YT_B_en_00,3843,3817,96
reddit,RD_FULL_aerogarden,3753,3693,628
youtube,YT_E_id_04,2733,2718,40
youtube,YT_E_id_05,2256,2233,36
reddit,RD_TREE,2002,1908,196
youtube,YT_B_id_01,1957,1926,33
youtube,YT_F_en_00,1942,1904,53
mastodon,MA_hydroponics,1801,1751,78
youtube,YT_B_id_00,1778,1755,28
hackernews,HN_hydroponic,1691,1535,64
youtube,YT_M_en_00,1595,1553,20
youtube,YT_H_en_00,1377,1364,17
youtube,YT_A_id_02,1306,1294,54
youtube,YT_I_en_00,1268,1257,29
youtube,YT_C_en_00,1251,1243,5
youtube,YT_E_id_01,1154,1151,39
reddit,RD_FULL_kratky,1147,1116,131
youtube,YT_L_en_00,1140,1131,15
youtube,YT_D_id_00,1097,1057,66
youtube,YT_E_en_00,1089,1079,21
youtube,YT_J_en_00,1064,1053,20
youtube,YT_I_id_01,1059,1026,17
youtube,YT_F_id_03,1000,987,16
lemmy,LE_hydroponic,978,863,67
youtube,YT_D_en_00,948,943,67
youtube,YT_A_id_01,936,926,16
youtube,YT_E_id_00,909,901,36
youtube,YT_L_id_00,872,856,6
youtube,YT_G_en_00,711,698,18
youtube,YT_D_id_01,703,700,42
youtube,YT_G_id_04,684,675,16
youtube,YT_N_en_00,661,655,26
reddit,RD_FULL_ClickAndGrow,642,628,104
youtube,YT_C_id_01,590,579,7
youtube,YT_G_id_00,585,563,20
youtube,YT_H_id_00,559,550,4
youtube,YT_E_id_02,554,551,33
youtube,YT_I_id_04,545,541,16
youtube,YT_D_id_02,520,518,268
youtube,YT_F_id_01,520,519,11
youtube,YT_B_id_02,501,495,10
youtube,YT_L_id_01,495,493,4
youtube,YT_J_id_00,463,460,5
youtube,YT_E_id_03,460,457,25
youtube,YT_F_id_02,431,429,9
youtube,YT_D_id_03,369,367,15
youtube,YT_I_id_03,306,300,3
youtube,YT_I_id_02,288,285,6
reddit,RD_KW_gardening_hydroponics,271,263,71
reddit,RD_KW_IndoorGarden_hydroponic,266,258,66
youtube,YT_G_id_01,265,260,1
reddit,RD_KW_indoorgardening_hydroponic,254,243,13
stackexchange,SE_children,245,234,17
mastodon,MA_hydroponic,243,232,6
reddit,RD_FULL_HydroponicGardening,233,219,13
youtube,YT_F_id_00,225,224,7
reddit,RD_KW_IndoorGarden_hydroponics,219,210,43
reddit,RD_FULL_DWC,209,196,39
youtube,YT_B_id_03,185,185,9
reddit,RD_KW_microgreens_hydroponic,146,139,16
youtube,YT_G_id_02,146,146,2
youtube,YT_M_id_01,139,139,6
stackexchange,SE_tagged,138,136,27
youtube,YT_G_id_03,126,124,4
youtube,YT_I_id_00,116,111,1
youtube,YT_L_id_03,115,114,0
reddit,RD_KW_indoorgardening_hydroponics,113,110,12
bluesky,BS_N_en_00,111,109,1
youtube,YT_M_id_02,108,107,2
youtube,YT_M_id_00,106,104,0
youtube,YT_C_id_00,102,102,1
bluesky,BS_B_en_03,97,91,0
hackernews,HN_aeroponic,96,89,3
reddit,RD_KW_gardening_hydroponic,94,89,30
bluesky,BS_A_en_01,92,90,0
bluesky,BS_A_en_02,87,85,2
mastodon,MA_aerogarden,85,81,0
bluesky,BS_B_en_02,84,77,4
bluesky,BS_A_en_00,82,78,0
youtube,YT_L_id_02,75,73,1
reddit,RD_KW_homestead_hydroponic,70,64,7
bluesky,BS_E_en_00,70,65,9
bluesky,BS_E_en_03,66,64,1
reddit,RD_KW_homestead_hydroponics,65,63,10
lemmy,LE_kratky,65,51,3
bluesky,BS_C_en_00,63,58,2
bluesky,BS_H_en_00,63,58,3
bluesky,BS_I_en_00,61,59,1
lemmy,LE_rockwool,61,61,5
mastodon,MA_kratky,61,57,4
youtube,YT_J_id_01,60,59,2
bluesky,BS_N_en_03,59,58,1
bluesky,BS_B_en_00,56,53,24
bluesky,BS_L_en_02,56,52,0
mastodon,MA_indoorgardening,52,49,1
bluesky,BS_J_en_00,50,46,1
youtube,YT_C_id_02,50,50,0
bluesky,BS_A_id_00,49,38,0
bluesky,BS_G_en_00,46,46,1
lemmy,LE_indoor garden,42,37,4
bluesky,BS_D_en_03,41,40,1
bluesky,BS_I_en_01,40,39,1
mastodon,MA_hydroponik,39,38,0
bluesky,BS_L_en_01,38,38,1
lemmy,LE_nutrient solution,38,32,3
bluesky,BS_L_en_03,37,36,0
reddit,RD_KW_urbanfarming_hydroponic,36,35,5
lemmy,LE_aerogarden,27,27,5
bluesky,BS_C_en_02,26,24,0
bluesky,BS_D_en_01,26,26,6
bluesky,BS_F_en_01,23,23,0
hackernews,HN_aerogarden,21,15,1
bluesky,BS_G_en_01,19,19,0
bluesky,BS_I_en_04,19,18,1
bluesky,BS_N_en_05,19,18,0
bluesky,BS_L_en_00,19,19,2
stackexchange,SE_q_hydroponics,16,15,3
bluesky,BS_A_id_01,15,14,0
bluesky,BS_D_en_04,14,14,0
bluesky,BS_B_id_01,14,14,1
reddit,RD_KW_Philippines_hydroponics,14,14,1
bluesky,BS_I_en_03,14,14,0
hackernews,HN_click and grow,13,13,1
bluesky,BS_D_en_02,13,12,1
bluesky,BS_C_en_01,12,10,1
hackernews,HN_kratky,11,10,1
bluesky,BS_F_en_02,11,11,1
hackernews,HN_smart garden,10,10,0
youtube,YT_K_id_00,10,10,0
reddit,RD_KW_indonesia_hidroponik,9,6,1
bluesky,BS_A_id_02,9,8,0
hackernews,HN_vertical farming,8,6,0
bluesky,BS_D_en_00,8,8,0
reddit,RD_KW_Philippines_hydroponic,8,8,0
bluesky,BS_E_en_01,7,7,0
bluesky,BS_K_en_00,7,7,0
bluesky,BS_G_en_04,6,5,0
bluesky,BS_G_en_02,6,6,0
bluesky,BS_L_id_02,5,3,0
lemmy,LE_grow tent lettuce,5,2,1
mastodon,MA_hidroponik,5,4,0
bluesky,BS_N_en_02,5,5,0
bluesky,BS_F_en_00,5,5,1
bluesky,BS_H_en_03,5,5,0
bluesky,BS_B_id_03,4,4,0
reddit,RD_KW_malaysia_hydroponic,3,3,0
stackexchange,SE_q_nutrient_solution,3,3,1
stackexchange,SE_q_aerogarden,3,3,0
bluesky,BS_H_en_02,3,3,0
reddit,RD_KW_indonesia_hydroponic,3,3,0
reddit,RD_KW_singapore_hydroponics,3,3,0
bluesky,BS_B_id_02,3,3,0
lemmy,LE_click and grow,2,2,1
bluesky,BS_M_en_01,2,2,0
bluesky,BS_G_id_03,2,2,0
bluesky,BS_E_en_02,2,2,0
stackexchange,SE_q_rockwool,2,2,0
bluesky,BS_K_en_03,2,2,0
bluesky,BS_J_en_02,2,2,0
bluesky,BS_K_id_01,2,2,0
stackexchange,SE_q_kratky,1,1,0
bluesky,BS_N_en_01,1,0,0
bluesky,BS_I_en_02,1,1,0
bluesky,BS_E_id_04,1,1,0
bluesky,BS_J_id_00,1,1,0
bluesky,BS_F_id_00,1,1,0
bluesky,BS_G_id_00,1,1,0
bluesky,BS_H_en_01,1,1,0
bluesky,BS_G_en_03,1,1,0
youtube,YT_K_id_01,1,1,0
bluesky,BS_C_id_01,1,1,0
reddit,RD_KW_singapore_hydroponic,1,1,0
bluesky,BS_L_id_03,1,1,0
bluesky,BS_J_en_03,1,1,0
bluesky,BS_J_en_01,1,1,0
