records,distinct_topic_pain_combos,new_per_100
100,48,48.0
200,75,27.0
300,108,33.0
400,117,9.0
500,127,10.0
600,137,10.0
700,141,4.0
800,149,8.0
900,160,11.0
1000,168,8.0
1100,177,9.0
1200,181,4.0
1300,187,6.0
1400,199,12.0
1500,207,8.0
1600,212,5.0
1700,216,4.0
1800,217,1.0
1900,229,12.0
2000,235,6.0
2100,239,4.0
2200,244,5.0
2300,250,6.0
2400,254,4.0
2500,256,2.0
2600,260,4.0
2700,260,0.0
2800,265,5.0
2900,272,7.0
3000,276,4.0
3100,276,0.0
3200,281,5.0
3300,288,7.0
3400,289,1.0
3500,291,2.0
3600,296,5.0
3700,297,1.0
3800,299,2.0
3900,302,3.0
4000,303,1.0
4100,305,2.0
4200,305,0.0
4300,309,4.0
4400,312,3.0
4500,314,2.0
4600,314,0.0
4700,316,2.0
4800,316,0.0
4900,316,0.0
5000,317,1.0
5100,317,0.0
5200,319,2.0
5300,319,0.0
5400,321,2.0
5500,321,0.0
5600,321,0.0
5700,321,0.0
5800,322,1.0
5900,322,0.0
6000,323,1.0
6100,325,2.0
6200,325,0.0
6300,326,1.0
6400,327,1.0
6500,330,3.0
6600,330,0.0
6700,332,2.0
6800,334,2.0
6900,335,1.0
7000,343,8.0
7100,343,0.0
7200,343,0.0
7300,345,2.0
7400,346,1.0
7500,346,0.0
7600,347,1.0
7700,348,1.0
7800,349,1.0
7900,355,6.0
8000,356,1.0
8100,356,0.0
8200,356,0.0
8300,357,1.0
8400,358,1.0
8500,358,0.0
8600,358,0.0
8700,358,0.0
8800,360,2.0
8900,360,0.0
9000,361,1.0
9100,362,1.0
9200,364,2.0
9300,365,1.0
9400,367,2.0
9500,367,0.0
9600,368,1.0
9700,369,1.0
9800,371,2.0
9900,371,0.0
10000,371,0.0
10100,374,3.0
10200,375,1.0
10300,376,1.0
10400,377,1.0
10500,377,0.0
10600,380,3.0
10700,382,2.0
10800,382,0.0
10900,383,1.0
11000,386,3.0
11100,387,1.0
11200,388,1.0
11300,388,0.0
11400,389,1.0
11500,389,0.0
11600,393,4.0
11700,396,3.0
11800,399,3.0
11900,399,0.0
12000,399,0.0
12100,401,2.0
12200,401,0.0
12300,401,0.0
12400,402,1.0
12500,404,2.0
12600,404,0.0
12700,405,1.0
12800,405,0.0
12900,405,0.0
13000,409,4.0
13100,409,0.0
13200,409,0.0
13300,409,0.0
13400,411,2.0
13500,411,0.0
13600,412,1.0
13700,412,0.0
13800,412,0.0
13900,413,1.0
14000,415,2.0
14100,416,1.0
14200,416,0.0
14300,416,0.0
14400,417,1.0
14500,417,0.0
14600,417,0.0
14700,417,0.0
14800,417,0.0
14900,419,2.0
15000,420,1.0
15100,420,0.0
15200,420,0.0
15300,420,0.0
15400,421,1.0
15500,422,1.0
15600,422,0.0
15700,422,0.0
15800,423,1.0
15900,425,2.0
16000,426,1.0
16100,428,2.0
16200,428,0.0
16300,431,3.0
16400,432,1.0
16500,432,0.0
16600,433,1.0
16700,434,1.0
16800,434,0.0
16900,434,0.0
17000,434,0.0
17100,434,0.0
17200,435,1.0
17300,435,0.0
17400,436,1.0
17500,436,0.0
17600,436,0.0
17700,437,1.0
17800,442,5.0
17900,442,0.0
18000,442,0.0
18100,442,0.0
18200,442,0.0
18300,442,0.0
18400,442,0.0
18500,442,0.0
18600,442,0.0
18700,442,0.0
18800,442,0.0
18900,444,2.0
19000,444,0.0
19100,444,0.0
19200,445,1.0
19300,445,0.0
19400,445,0.0
19500,445,0.0
19600,445,0.0
19700,446,1.0
19800,446,0.0
19900,448,2.0
20000,448,0.0
20100,449,1.0
20200,451,2.0
20300,451,0.0
20400,452,1.0
20500,452,0.0
20600,455,3.0
20700,455,0.0
20800,458,3.0
20900,458,0.0
21000,458,0.0
21100,459,1.0
21200,459,0.0
21300,459,0.0
21400,459,0.0
21500,459,0.0
21600,459,0.0
21700,459,0.0
21800,459,0.0
21900,459,0.0
22000,462,3.0
22100,462,0.0
22200,463,1.0
22300,463,0.0
22400,463,0.0
22500,463,0.0
22600,463,0.0
22700,463,0.0
22800,463,0.0
22900,463,0.0
23000,463,0.0
23100,463,0.0
23200,463,0.0
23300,463,0.0
23400,463,0.0
23500,463,0.0
23600,463,0.0
23700,463,0.0
23800,463,0.0
23900,463,0.0
24000,463,0.0
24100,465,2.0
24200,465,0.0
24300,465,0.0
24400,466,1.0
24500,466,0.0
24600,466,0.0
24700,466,0.0
24800,468,2.0
24900,469,1.0
25000,469,0.0
25100,469,0.0
25200,470,1.0
25300,470,0.0
25400,470,0.0
25500,471,1.0
25600,472,1.0
25700,472,0.0
25800,472,0.0
25900,472,0.0
26000,472,0.0
26100,473,1.0
26200,473,0.0
26300,473,0.0
26400,474,1.0
26500,475,1.0
26600,475,0.0
26700,475,0.0
26800,475,0.0
26900,476,1.0
27000,476,0.0
27100,476,0.0
27200,477,1.0
27300,478,1.0
27400,479,1.0
27500,479,0.0
27600,482,3.0
27700,482,0.0
27800,482,0.0
27900,483,1.0
28000,483,0.0
28100,483,0.0
28200,484,1.0
28300,484,0.0
28400,484,0.0
28500,484,0.0
28600,484,0.0
28700,485,1.0
28800,485,0.0
28900,487,2.0
29000,487,0.0
29100,488,1.0
29200,488,0.0
29300,488,0.0
29400,488,0.0
29500,488,0.0
29600,488,0.0
29700,488,0.0
29800,489,1.0
29900,489,0.0
30000,489,0.0
30100,490,1.0
30200,490,0.0
30300,490,0.0
30400,490,0.0
30500,490,0.0
30600,491,1.0
30700,491,0.0
30800,492,1.0
30900,493,1.0
31000,493,0.0
31100,493,0.0
31200,493,0.0
31300,493,0.0
31400,493,0.0
31500,494,1.0
31600,494,0.0
31700,494,0.0
31800,494,0.0
31900,494,0.0
32000,494,0.0
32100,494,0.0
32200,494,0.0
32300,494,0.0
32400,494,0.0
32500,494,0.0
32600,494,0.0
32700,494,0.0
32800,494,0.0
32900,494,0.0
33000,494,0.0
33100,494,0.0
33200,494,0.0
33300,494,0.0
33400,494,0.0
33500,494,0.0
33600,494,0.0
33700,494,0.0
33800,494,0.0
33900,494,0.0
34000,494,0.0
34100,494,0.0
34200,494,0.0
34300,495,1.0
34400,495,0.0
34500,495,0.0
34600,495,0.0
34700,495,0.0
34800,497,2.0
34900,497,0.0
35000,497,0.0
35100,497,0.0
35200,497,0.0
35300,497,0.0
35400,498,1.0
35500,498,0.0
35600,498,0.0
35700,498,0.0
35800,498,0.0
35900,498,0.0
36000,498,0.0
36100,498,0.0
36200,498,0.0
36300,498,0.0
36400,498,0.0
36500,498,0.0
36600,498,0.0
36700,498,0.0
36800,498,0.0
36900,498,0.0
37000,498,0.0
37100,498,0.0
37200,498,0.0
37300,498,0.0
37400,498,0.0
37500,498,0.0
37600,498,0.0
37700,498,0.0
37800,498,0.0
37900,499,1.0
38000,499,0.0
38100,499,0.0
38200,499,0.0
38300,499,0.0
38400,499,0.0
38500,499,0.0
38600,499,0.0
38700,499,0.0
38800,499,0.0
38900,499,0.0
39000,500,1.0
39100,500,0.0
39200,500,0.0
39300,502,2.0
39400,503,1.0
39500,504,1.0
39600,504,0.0
39700,504,0.0
39800,504,0.0
39900,504,0.0
40000,504,0.0
40100,505,1.0
40200,505,0.0
40300,505,0.0
40400,505,0.0
40500,506,1.0
40600,506,0.0
40700,506,0.0
40800,506,0.0
40900,507,1.0
41000,507,0.0
41100,508,1.0
41200,508,0.0
41300,508,0.0
41400,509,1.0
41500,509,0.0
41600,509,0.0
41700,509,0.0
41800,509,0.0
41900,510,1.0
42000,510,0.0
42100,511,1.0
42200,511,0.0
42300,511,0.0
42400,511,0.0
42500,511,0.0
42600,511,0.0
42700,511,0.0
42800,511,0.0
42900,511,0.0
43000,512,1.0
43100,512,0.0
43200,512,0.0
43300,512,0.0
43400,512,0.0
43500,512,0.0
43600,512,0.0
43700,512,0.0
43800,512,0.0
43900,512,0.0
44000,512,0.0
44100,512,0.0
44200,512,0.0
44300,512,0.0
44400,512,0.0
44500,512,0.0
44600,512,0.0
44700,512,0.0
44800,512,0.0
44900,512,0.0
45000,513,1.0
45100,513,0.0
45200,513,0.0
45300,513,0.0
45400,514,1.0
45500,514,0.0
45600,514,0.0
45700,514,0.0
45800,514,0.0
45900,514,0.0
46000,514,0.0
46100,514,0.0
46200,514,0.0
46300,514,0.0
46400,515,1.0
46500,516,1.0
46600,516,0.0
46700,516,0.0
46800,517,1.0
46900,517,0.0
47000,517,0.0
47100,518,1.0
47200,519,1.0
47300,519,0.0
47400,519,0.0
47500,520,1.0
47600,520,0.0
47700,520,0.0
47800,520,0.0
47900,520,0.0
48000,520,0.0
48100,520,0.0
48200,521,1.0
48300,521,0.0
48400,521,0.0
48500,521,0.0
48600,523,2.0
48700,523,0.0
48800,523,0.0
48900,523,0.0
49000,523,0.0
49100,523,0.0
49200,523,0.0
49300,523,0.0
49400,523,0.0
49500,524,1.0
49600,524,0.0
49700,524,0.0
49800,525,1.0
49900,525,0.0
50000,525,0.0
50100,525,0.0
50200,525,0.0
50300,525,0.0
50400,526,1.0
50500,526,0.0
50600,526,0.0
50700,526,0.0
50800,526,0.0
50900,526,0.0
51000,527,1.0
51100,527,0.0
51200,527,0.0
51300,527,0.0
51400,527,0.0
51500,529,2.0
51600,529,0.0
51700,529,0.0
51800,529,0.0
51900,529,0.0
52000,529,0.0
52100,529,0.0
52200,530,1.0
52300,530,0.0
52400,530,0.0
52500,530,0.0
52600,530,0.0
52700,530,0.0
52800,530,0.0
52900,530,0.0
53000,531,1.0
53100,531,0.0
53200,531,0.0
53300,532,1.0
53400,532,0.0
53500,532,0.0
53600,532,0.0
53700,532,0.0
53800,532,0.0
53900,532,0.0
54000,532,0.0
54100,532,0.0
54200,532,0.0
54300,532,0.0
54400,532,0.0
54500,532,0.0
54600,532,0.0
54700,532,0.0
54800,532,0.0
54900,532,0.0
55000,533,1.0
55100,533,0.0
55200,533,0.0
55300,533,0.0
55400,533,0.0
55500,535,2.0
55600,535,0.0
55700,535,0.0
55800,535,0.0
55900,535,0.0
56000,535,0.0
56100,535,0.0
56200,535,0.0
56300,535,0.0
56400,535,0.0
56500,535,0.0
56600,535,0.0
56700,535,0.0
56800,535,0.0
56900,535,0.0
57000,535,0.0
57100,535,0.0
57200,535,0.0
57300,535,0.0
57400,535,0.0
57500,535,0.0
57600,535,0.0
57700,535,0.0
57800,535,0.0
57900,537,2.0
58000,537,0.0
58100,537,0.0
58200,538,1.0
58300,538,0.0
58400,538,0.0
58500,538,0.0
58600,538,0.0
58700,538,0.0
58800,538,0.0
58900,538,0.0
59000,540,2.0
59100,540,0.0
59200,541,1.0
59300,541,0.0
59400,541,0.0
59500,541,0.0
59600,541,0.0
59700,542,1.0
59800,542,0.0
59900,542,0.0
60000,542,0.0
60100,542,0.0
60200,543,1.0
60300,543,0.0
60400,543,0.0
60500,543,0.0
60600,543,0.0
60700,543,0.0
60800,543,0.0
60900,543,0.0
61000,544,1.0
61100,544,0.0
61200,544,0.0
61300,544,0.0
61400,544,0.0
61500,544,0.0
61600,544,0.0
61700,544,0.0
61800,544,0.0
61900,544,0.0
62000,544,0.0
62100,544,0.0
62200,544,0.0
62300,544,0.0
62400,544,0.0
62500,544,0.0
62600,544,0.0
62700,544,0.0
62800,544,0.0
62900,544,0.0
63000,544,0.0
63100,544,0.0
63200,544,0.0
63300,544,0.0
63400,544,0.0
63500,544,0.0
63600,544,0.0
63700,544,0.0
63800,544,0.0
63900,544,0.0
64000,544,0.0
64100,544,0.0
64200,544,0.0
64300,544,0.0
64400,544,0.0
64500,544,0.0
64600,544,0.0
64700,544,0.0
64800,544,0.0
64900,544,0.0
65000,544,0.0
65100,544,0.0
65200,544,0.0
65300,544,0.0
65400,544,0.0
65500,545,1.0
65600,545,0.0
65700,545,0.0
65800,545,0.0
65900,545,0.0
66000,545,0.0
66100,545,0.0
66200,545,0.0
66300,545,0.0
66400,545,0.0
66500,545,0.0
66600,545,0.0
66700,545,0.0
66800,545,0.0
66900,545,0.0
67000,546,1.0
67100,546,0.0
67200,546,0.0
67300,546,0.0
67400,546,0.0
67500,546,0.0
67600,546,0.0
67700,547,1.0
67800,547,0.0
67900,547,0.0
68000,547,0.0
68100,547,0.0
68200,547,0.0
68300,547,0.0
68400,547,0.0
68500,547,0.0
68600,547,0.0
68700,547,0.0
68800,547,0.0
68900,547,0.0
69000,547,0.0
69100,547,0.0
69200,547,0.0
69300,547,0.0
69400,547,0.0
69500,547,0.0
69600,547,0.0
69700,547,0.0
69800,548,1.0
69900,548,0.0
70000,548,0.0
70100,550,2.0
70200,550,0.0
70300,550,0.0
70400,550,0.0
70500,550,0.0
70600,550,0.0
70700,550,0.0
70800,551,1.0
70900,551,0.0
71000,551,0.0
71100,551,0.0
71200,551,0.0
71300,551,0.0
71400,551,0.0
71500,552,1.0
71600,552,0.0
71700,552,0.0
71800,552,0.0
71900,552,0.0
72000,554,2.0
72100,554,0.0
72200,554,0.0
72300,554,0.0
72400,554,0.0
72500,554,0.0
72600,554,0.0
72700,554,0.0
72800,555,1.0
72900,555,0.0
73000,555,0.0
73100,555,0.0
73200,555,0.0
73300,556,1.0
73400,557,1.0
73500,557,0.0
73600,557,0.0
73700,557,0.0
73800,557,0.0
73900,557,0.0
74000,557,0.0
74100,557,0.0
74200,557,0.0
74300,557,0.0
74400,557,0.0
74500,557,0.0
74600,557,0.0
74700,557,0.0
74800,557,0.0
74900,557,0.0
75000,557,0.0
75100,557,0.0
75200,558,1.0
75300,558,0.0
75400,558,0.0
75500,558,0.0
75600,558,0.0
75700,558,0.0
75800,558,0.0
75900,558,0.0
76000,558,0.0
76100,558,0.0
76200,558,0.0
76300,558,0.0
76400,558,0.0
76500,558,0.0
76600,558,0.0
76700,558,0.0
76800,558,0.0
76900,558,0.0
77000,558,0.0
77100,559,1.0
77200,559,0.0
77300,559,0.0
77400,559,0.0
77500,559,0.0
77600,560,1.0
77700,560,0.0
77800,560,0.0
77900,560,0.0
78000,560,0.0
78100,562,2.0
78200,562,0.0
78300,562,0.0
78400,562,0.0
78500,562,0.0
78600,562,0.0
78700,562,0.0
78800,562,0.0
78900,562,0.0
79000,562,0.0
79100,562,0.0
79200,562,0.0
79300,562,0.0
79400,562,0.0
79500,562,0.0
79600,562,0.0
79700,562,0.0
79800,562,0.0
79900,564,2.0
80000,564,0.0
80100,564,0.0
80200,564,0.0
80300,564,0.0
80400,564,0.0
80500,564,0.0
80600,564,0.0
80700,564,0.0
80800,566,2.0
80900,566,0.0
81000,566,0.0
81100,566,0.0
81200,566,0.0
81300,566,0.0
81400,566,0.0
81500,566,0.0
81600,566,0.0
81700,566,0.0
81800,566,0.0
81900,566,0.0
82000,566,0.0
82100,566,0.0
82200,567,1.0
82300,568,1.0
82400,569,1.0
82500,569,0.0
82600,569,0.0
82700,569,0.0
82800,569,0.0
82900,569,0.0
83000,569,0.0
83100,571,2.0
83200,571,0.0
83300,573,2.0
83400,573,0.0
83500,573,0.0
83600,574,1.0
83700,574,0.0
83800,574,0.0
83900,575,1.0
84000,576,1.0
84100,576,0.0
84200,576,0.0
84300,576,0.0
84400,576,0.0
84500,576,0.0
84600,576,0.0
84700,576,0.0
84800,576,0.0
84900,576,0.0
85000,576,0.0
85100,577,1.0
85200,577,0.0
85300,577,0.0
85400,577,0.0
85500,577,0.0
85600,577,0.0
85700,577,0.0
85800,578,1.0
85900,578,0.0
86000,578,0.0
86100,578,0.0
86200,578,0.0
86300,579,1.0
86400,580,1.0
86500,580,0.0
86600,580,0.0
86700,580,0.0
86800,580,0.0
86900,580,0.0
87000,580,0.0
87100,580,0.0
87200,580,0.0
87300,580,0.0
87400,580,0.0
87500,580,0.0
87600,580,0.0
87700,580,0.0
87800,580,0.0
87900,582,2.0
88000,582,0.0
88100,583,1.0
88200,584,1.0
88300,584,0.0
88400,584,0.0
88500,584,0.0
88600,584,0.0
88700,584,0.0
88800,584,0.0
88900,584,0.0
89000,584,0.0
89100,584,0.0
89200,584,0.0
89300,584,0.0
89400,584,0.0
89500,584,0.0
89600,584,0.0
89700,584,0.0
89800,584,0.0
89900,584,0.0
90000,584,0.0
90100,584,0.0
90200,584,0.0
90300,584,0.0
90400,584,0.0
90500,584,0.0
90600,584,0.0
90700,584,0.0
90800,584,0.0
90900,584,0.0
91000,584,0.0
