topic_label,AMBIGUOUS,MIXED,NEGATIVE,NEUTRAL,POSITIVE,n
Conversational replies to creators (ID: bang/kak/pak),14.85,7.06,22.22,28.13,27.74,5563
Gratitude for tutorials (ID: terima kasih ilmunya),1.98,1.18,0.93,3.03,92.87,5246
Aquaponics & fish-integrated systems,15.06,5.31,9.94,43.05,26.64,4729
Tagalog/mixed-language replies (PH viewers),12.23,6.53,9.3,29.29,42.65,4701
"Nutrient mixing, calcium/nitrate, ppm",20.09,3.4,15.11,54.97,6.44,4441
General home & indoor hydroponics,24.93,12.28,8.17,31.97,22.64,4063
"Seeds, seedlings & fruiting crops (melon)",16.06,6.21,17.85,40.27,19.61,3916
Herbs/basil & pod-based growing,21.39,8.19,34.34,24.04,12.04,3847
Tomatoes & peppers,22.8,8.85,24.46,26.35,17.53,3548
Learning intent & inspiration (ID),8.14,2.99,3.22,14.56,71.09,3414
Root health & root-zone management,32.3,9.84,22.65,27.64,7.57,3090
"AB mix, fertilizer & rockwool (ID)",15.36,5.18,15.23,53.96,10.27,3067
"Water source, quality & water changes",18.96,4.03,20.88,49.39,6.74,3027
Lighting: sunlight vs grow lights,22.96,9.2,21.39,36.62,9.82,2739
Vertical farming & food-system debate,27.04,8.91,26.85,20.1,17.09,2592
Hydroponics vs soil/organic,25.5,6.4,20.16,39.22,8.72,2580
"Buying: price, where to buy, start-up capital",10.56,3.51,13.95,60.78,11.19,2537
Gardening appreciation & farmer identity,11.54,4.77,8.31,20.16,55.22,2262
TDS/PPM meters & calibration,14.36,2.44,10.84,68.0,4.36,2250
"Leafy & bulb vegetables (sayur, bawang)",16.32,6.23,12.09,38.08,27.29,2151
Lettuce/greens & Kratky,23.8,10.38,19.18,28.08,18.56,2080
Video/channel feedback,5.9,3.0,7.3,21.91,61.9,2068
"Pumps, PVC pipes & electricity",18.41,3.85,15.72,54.54,7.49,1896
"Reservoirs, buckets & DWC plumbing",33.43,5.43,16.35,36.82,7.98,1768
Plastic/container safety & DIY containers,17.27,3.62,19.02,45.68,14.41,1714
"Heat, rain & water temperature (tropical)",26.94,6.59,22.24,35.06,9.18,1700
"DIY NFT build specs: pipe size, hole spacing",10.69,2.43,8.14,73.1,5.65,1647
AeroGarden devices & seed pods,19.51,8.73,17.84,33.64,20.27,1317
"Timing: days to harvest, wick cloth, timers",13.3,4.15,13.68,55.88,12.99,1301
DIY system builds & project updates,7.13,2.21,11.29,47.45,31.92,1178
Channel/link requests & meta posts (noise),8.95,3.07,19.1,37.17,31.71,1173
"Pests (aphids, mites, gnats)",23.57,6.34,45.54,17.14,7.41,1120
"Algae, hydrogen peroxide & oxygenation",28.09,5.46,29.29,27.65,9.51,915
"Towers, solar & 3D-printed systems",16.26,4.48,9.35,52.62,17.29,781
Strawberries,22.41,9.27,16.23,33.69,18.39,647
