platform,thread_id,n,share_of_customer_voice
youtube,yt_1WhAqlxk1Sc,526,0.0058
youtube,yt_7dqfuTu0cO8,493,0.0054
youtube,yt_JXKfIASdSqM,488,0.0054
youtube,yt_luon_YiYROE,464,0.0051
youtube,yt_OYVcbVhg4xk,446,0.0049
youtube,yt_i3-9u-HtFG8,426,0.0047
youtube,yt_DcG3sqwpSa0,424,0.0047
youtube,yt_zOKZCuwjWi8,419,0.0046
youtube,yt_cun-_s0bQAc,416,0.0046
youtube,yt_kLz_7oXXxsg,416,0.0046
youtube,yt_RwL_-N0kDAQ,406,0.0045
youtube,yt_ZnSFH69SPMo,396,0.0043
youtube,yt_O8-su9qeIDg,389,0.0043
youtube,yt_FDLIq5tOIcA,386,0.0042
youtube,yt_vS7kFwr42N4,381,0.0042
youtube,yt_x4eKmNxF6l8,381,0.0042
youtube,yt_lilegSJIar4,378,0.0042
youtube,yt_1NnDgJzBAq4,375,0.0041
youtube,yt_F-tiSc7G53Q,369,0.0041
youtube,yt_xE3l3wh6Hq4,368,0.004
youtube,yt_-2cvabaiDvs,366,0.004
youtube,yt_cTy8taSJJxo,354,0.0039
youtube,yt_WKRl_Vd4-e0,348,0.0038
youtube,yt_wJdBtOoBDUU,346,0.0038
youtube,yt_nyqykZK2Ev4,333,0.0037
youtube,yt_4Reb0XdVE04,332,0.0036
youtube,yt_Ws9hDTwYXno,330,0.0036
youtube,yt_yKSkavGiIsA,330,0.0036
youtube,yt_noiNXaYSuyM,327,0.0036
youtube,yt_OyBO-nPug3M,326,0.0036
