month,bluesky,gardenweb,hackernews,lemmy,mastodon,reddit,stackexchange,youtube
2002-01,0,3,0,0,0,0,0,0
2002-02,0,1,0,0,0,0,0,0
2002-05,0,1,0,0,0,0,0,0
2002-09,0,1,0,0,0,0,0,0
2003-02,0,2,0,0,0,0,0,0
2003-03,0,24,0,0,0,0,0,0
2003-04,0,1,0,0,0,0,0,0
2003-10,0,1,0,0,0,0,0,0
2003-11,0,10,0,0,0,0,0,0
2003-12,0,5,0,0,0,0,0,0
2004-01,0,8,0,0,0,0,0,0
2004-02,0,16,0,0,0,0,0,0
2004-03,0,12,0,0,0,0,0,0
2004-04,0,3,0,0,0,0,0,0
2004-05,0,52,0,0,0,0,0,0
2004-06,0,55,0,0,0,0,0,0
2004-07,0,64,0,0,0,0,0,0
2004-08,0,54,0,0,0,0,0,0
2004-09,0,12,0,0,0,0,0,0
2004-10,0,33,0,0,0,0,0,0
2004-11,0,32,0,0,0,0,0,0
2004-12,0,31,0,0,0,0,0,0
2005-01,0,33,0,0,0,0,0,0
2005-02,0,34,0,0,0,0,0,0
2005-03,0,55,0,0,0,0,0,0
2005-04,0,64,0,0,0,0,0,0
2005-05,0,38,0,0,0,0,0,0
2005-06,0,17,0,0,0,0,0,0
2005-07,0,30,0,0,0,0,0,0
2005-08,0,31,0,0,0,0,0,0
2005-09,0,34,0,0,0,0,0,0
2005-10,0,44,0,0,0,0,0,0
2005-11,0,9,0,0,0,0,0,0
2005-12,0,9,0,0,0,0,0,0
2006-01,0,33,0,0,0,0,0,0
2006-02,0,21,0,0,0,0,0,0
2006-03,0,32,0,0,0,0,0,0
2006-04,0,28,0,0,0,0,0,0
2006-05,0,12,0,0,0,0,0,0
2006-06,0,28,0,0,0,0,0,0
2006-07,0,13,0,0,0,0,0,0
2006-08,0,11,0,0,0,0,0,0
2006-09,0,12,0,0,0,0,0,0
2006-10,0,31,0,0,0,0,0,0
2006-11,0,9,0,0,0,0,0,0
2006-12,0,19,0,0,0,0,0,0
2007-01,0,21,0,0,0,0,0,0
2007-02,0,27,0,0,0,0,0,0
2007-03,0,19,0,0,0,0,0,0
2007-04,0,24,0,0,0,0,0,0
2007-05,0,32,0,0,0,0,0,0
2007-06,0,17,0,0,0,0,0,0
2007-07,0,53,0,0,0,0,0,0
2007-08,0,66,0,0,0,0,0,0
2007-09,0,35,0,0,0,0,0,0
2007-10,0,78,0,0,0,0,0,0
2007-11,0,48,0,0,0,0,0,0
2007-12,0,47,0,0,0,0,0,0
2008-01,0,59,0,0,0,0,0,0
2008-02,0,112,0,0,0,0,0,0
2008-03,0,143,1,0,0,0,0,0
2008-04,0,127,0,0,0,0,0,0
2008-05,0,58,0,0,0,0,0,0
2008-06,0,156,0,0,0,0,0,0
2008-07,0,152,0,0,0,0,0,0
2008-08,0,78,0,0,0,0,0,0
2008-09,0,83,2,0,0,0,0,0
2008-10,0,69,0,0,0,0,0,0
2008-11,0,69,0,0,0,0,0,0
2008-12,0,83,0,0,0,0,0,0
2009-01,0,130,0,0,0,0,0,0
2009-02,0,155,0,0,0,1,0,0
2009-03,0,255,0,0,0,0,0,0
2009-04,0,133,0,0,0,0,0,0
2009-05,0,109,0,0,0,0,0,0
2009-06,0,147,1,0,0,1,0,0
2009-07,0,100,0,0,0,1,0,0
2009-08,0,52,1,0,0,0,0,0
2009-09,0,61,2,0,0,0,0,0
2009-10,0,40,0,0,0,0,0,0
2009-11,0,82,3,0,0,0,0,0
2009-12,0,50,0,0,0,0,0,0
2010-01,0,89,0,0,0,0,0,0
2010-02,0,111,1,0,0,0,0,0
2010-03,0,399,0,0,0,0,0,0
2010-04,0,206,3,0,0,15,0,0
2010-05,0,223,1,0,0,4,0,0
2010-06,0,144,0,0,0,2,0,0
2010-07,0,113,1,0,0,0,0,0
2010-08,0,81,2,0,0,0,0,0
2010-09,0,96,4,0,0,1,0,0
2010-10,0,41,2,0,0,0,0,0
2010-11,0,82,0,0,0,0,0,0
2010-12,0,105,6,0,0,7,0,0
2011-01,0,122,1,0,0,0,0,0
2011-02,0,61,0,0,0,0,0,0
2011-03,0,84,0,0,0,0,0,0
2011-04,0,45,1,0,0,0,0,0
2011-05,0,66,0,0,0,0,0,0
2011-06,0,155,2,0,0,0,3,0
2011-07,0,86,1,0,0,0,0,0
2011-08,0,47,0,0,0,1,0,0
2011-09,0,11,2,0,0,4,2,0
2011-10,0,37,3,0,0,2,0,0
2011-11,0,46,1,0,0,6,2,0
2011-12,0,25,1,0,0,72,0,0
2012-01,0,60,2,0,0,42,1,0
2012-02,0,88,2,0,0,20,5,0
2012-03,0,72,5,0,0,25,1,0
2012-04,0,122,1,0,0,63,1,0
2012-05,0,40,2,0,0,38,0,0
2012-06,0,25,2,0,0,76,0,0
2012-07,0,125,0,0,0,11,0,0
2012-08,0,85,1,0,0,39,1,0
2012-09,0,55,1,0,0,69,5,0
2012-10,0,55,14,0,0,4,2,0
2012-11,0,43,1,0,0,44,0,0
2012-12,0,47,2,0,0,62,0,0
2013-01,0,77,2,0,0,9,0,0
2013-02,0,49,5,0,0,20,0,0
2013-03,0,75,4,0,0,105,0,0
2013-04,0,76,1,0,0,22,3,0
2013-05,0,125,5,0,0,22,3,0
2013-06,0,86,3,0,0,113,2,0
2013-07,0,89,1,0,0,14,1,8
2013-08,0,97,2,0,0,47,1,8
2013-09,0,118,3,0,0,67,3,4
2013-10,0,67,2,0,0,26,4,15
2013-11,0,67,0,0,0,66,3,4
2013-12,0,40,5,0,0,75,2,2
2014-01,0,75,3,0,0,37,3,8
2014-02,0,40,3,0,0,45,2,5
2014-03,0,91,5,0,0,105,0,10
2014-04,0,135,2,0,0,31,1,9
2014-05,1,86,8,0,0,88,2,5
2014-06,0,56,3,0,0,57,0,3
2014-07,0,74,5,0,0,27,5,9
2014-08,0,30,4,0,0,75,6,0
2014-09,0,36,13,0,0,73,0,94
2014-10,0,12,5,0,0,11,0,10
2014-11,0,15,3,0,0,95,4,2
2014-12,0,16,7,0,0,57,1,0
2015-01,0,26,3,0,0,24,2,2
2015-02,0,33,7,0,0,62,2,1
2015-03,0,36,1,0,0,76,4,8
2015-04,0,65,9,0,0,34,2,28
2015-05,0,38,5,0,0,113,0,14
2015-06,0,53,3,0,0,96,2,4
2015-07,0,47,5,0,0,49,2,6
2015-08,0,23,12,0,0,64,3,11
2015-09,0,14,8,0,0,40,0,2
2015-10,0,14,7,0,0,63,2,2
2015-11,0,33,2,0,0,82,7,2
2015-12,0,95,4,0,0,64,1,2
2016-01,0,164,5,0,0,8,9,2
2016-02,0,95,0,0,0,96,5,5
2016-03,0,115,5,0,0,124,7,12
2016-04,0,101,4,0,0,48,6,3
2016-05,0,75,6,0,0,36,2,13
2016-06,0,20,26,0,0,153,9,7
2016-07,0,8,6,0,0,50,1,1
2016-08,0,29,7,0,0,77,1,3
2016-09,0,5,3,0,0,118,0,2
2016-10,0,7,16,0,0,59,1,4
2016-11,0,12,16,0,0,83,8,4
2016-12,0,8,9,0,0,114,18,13
2017-01,0,10,20,0,0,21,3,8
2017-02,0,3,16,0,0,106,5,17
2017-03,0,10,13,0,0,169,0,13
2017-04,0,9,7,0,0,37,0,12
2017-05,0,8,15,0,0,53,3,4
2017-06,0,10,22,0,1,159,2,12
2017-07,0,19,6,0,0,70,0,35
2017-08,0,8,9,0,0,92,4,6
2017-09,0,6,10,0,0,137,5,12
2017-10,1,16,4,0,0,30,0,17
2017-11,0,8,4,0,0,116,1,6
2017-12,0,6,16,0,0,129,2,12
2018-01,0,8,6,0,0,35,11,12
2018-02,0,18,10,0,0,52,0,15
2018-03,1,14,10,0,0,249,4,18
2018-04,0,22,7,0,2,41,18,41
2018-05,0,16,4,0,0,53,6,19
2018-06,0,1,2,0,0,220,7,12
2018-07,0,11,23,0,1,47,0,24
2018-08,0,1,8,0,0,115,0,27
2018-09,0,0,8,0,0,179,3,66
2018-10,0,1,23,0,1,18,0,72
2018-11,0,1,3,0,1,39,4,46
2018-12,0,14,6,0,1,267,7,48
2019-01,1,9,4,0,0,6,3,58
2019-02,0,4,7,0,0,32,0,61
2019-03,0,7,12,0,0,284,0,79
2019-04,0,4,3,0,1,28,0,57
2019-05,0,13,6,0,0,90,2,52
2019-06,1,12,12,0,1,282,3,38
2019-07,0,5,20,0,0,18,2,50
2019-08,0,1,19,0,2,42,2,53
2019-09,0,1,33,0,0,263,5,138
2019-10,0,6,13,0,0,2,4,90
2019-11,0,0,12,0,2,28,6,55
2019-12,0,1,4,0,1,312,4,128
2020-01,0,7,4,0,1,21,5,190
2020-02,0,2,16,0,0,83,5,154
2020-03,0,0,28,0,2,272,5,185
2020-04,0,20,9,0,5,57,6,415
2020-05,0,6,7,0,2,70,4,538
2020-06,0,3,12,0,4,376,4,599
2020-07,0,4,3,0,1,52,2,664
2020-08,0,4,6,0,1,72,4,554
2020-09,0,1,15,0,2,347,6,456
2020-10,0,4,19,0,2,41,2,405
2020-11,0,3,19,0,0,23,1,382
2020-12,0,3,24,3,2,336,1,388
2021-01,0,5,20,0,1,33,3,300
2021-02,0,20,26,0,0,64,0,462
2021-03,0,19,11,4,2,370,3,739
2021-04,0,1,16,2,2,36,6,452
2021-05,0,4,9,0,0,60,1,375
2021-06,0,3,13,0,0,338,0,440
2021-07,0,1,34,0,2,37,1,547
2021-08,0,3,14,1,1,38,0,602
2021-09,0,5,16,1,0,276,0,483
2021-10,0,8,16,1,1,23,1,561
2021-11,0,3,29,0,1,46,4,531
2021-12,0,2,6,0,1,280,3,445
2022-01,0,1,7,0,2,46,2,379
2022-02,0,1,7,0,1,30,1,442
2022-03,0,0,10,0,0,318,0,519
2022-04,0,3,6,2,4,48,1,458
2022-05,0,2,42,0,16,54,4,402
2022-06,0,3,9,0,2,291,6,422
2022-07,0,0,28,1,4,30,0,480
2022-08,0,2,40,0,1,64,1,399
2022-09,0,3,9,1,1,304,0,485
2022-10,0,0,6,1,1,40,2,402
2022-11,0,3,17,0,67,37,1,345
2022-12,0,3,18,0,58,247,0,373
2023-01,0,1,16,0,54,55,0,786
2023-02,0,0,17,0,44,30,0,581
2023-03,0,1,9,1,36,335,1,675
2023-04,0,0,12,1,47,49,6,458
2023-05,1,1,11,1,33,63,0,543
2023-06,0,0,8,39,16,299,0,579
2023-07,5,3,13,51,22,77,2,808
2023-08,0,2,11,21,57,68,0,597
2023-09,0,10,16,38,42,274,0,707
2023-10,2,5,5,24,47,64,0,683
2023-11,2,1,8,35,53,69,0,541
2023-12,0,2,16,31,60,297,0,507
2024-01,0,0,9,15,52,56,2,675
2024-02,10,4,4,26,44,85,0,646
2024-03,7,1,9,23,50,542,1,1081
2024-04,8,0,7,22,51,75,0,869
2024-05,4,0,5,27,26,76,0,890
2024-06,2,2,10,14,30,278,0,838
2024-07,24,0,12,15,31,88,0,768
2024-08,5,0,18,43,20,75,1,1187
2024-09,10,0,6,21,33,249,2,933
2024-10,6,0,4,22,34,32,0,824
2024-11,31,0,17,25,37,85,0,927
2024-12,34,0,3,35,20,271,0,754
2025-01,60,1,2,27,22,48,0,1031
2025-02,36,0,10,26,35,62,0,1025
2025-03,68,0,4,18,28,355,0,1010
2025-04,33,0,15,44,21,56,0,1069
2025-05,39,0,3,32,23,57,5,1008
2025-06,84,0,6,32,21,294,0,766
2025-07,37,0,1,39,20,43,2,827
2025-08,21,0,8,13,15,68,0,829
2025-09,31,1,3,21,14,278,0,838
2025-10,39,0,6,15,23,28,0,900
2025-11,36,0,3,15,12,63,0,800
2025-12,36,0,6,22,12,281,2,763
2026-01,41,0,11,16,12,51,5,1088
2026-02,37,0,3,13,13,54,0,638
2026-03,45,0,16,28,10,342,0,831
2026-04,69,0,5,38,41,78,0,944
2026-05,86,0,5,35,248,105,0,959
2026-06,52,0,3,32,180,271,0,1086
2026-07,120,0,7,24,234,22,1,682
2026-08,221,0,4,13,69,75,0,917
2026-09,211,0,3,23,10,301,0,859
2026-10,50,0,2,2,6,96,0,162
