nmf_topic,top_terms
0,"water, pump, roots, tap, change, add, tap water, change water, level, water level"
1,"air, nutrisi, pump, air nutrisi, liter, air pump, baku, air baku, hujan, liter air"
2,"kasih, terima, terima kasih, ilmunya, kasih ilmunya, atas, kasih atas, ilmu, kasih banyak, berbagi"
3,"kak, apa kak, boleh, iya, iya kak, berapa kak, kalo, kak kalo, kak mau, kak semoga"
4,"bang, apa bang, berapa bang, mantap bang, brp, buat, gimana, ilmunya bang, bang kalo, kalo"
5,"video, great video, informative, nice video, awesome video, love video, helpful, informative video, watching, channel"
6,"mas, apa mas, brp, boleh, trimakasih, mas mau, berapa mas, gimana, mana mas, trimakasih mas"
7,"hydroponics, gardening, aquaponics, soil, farming, new hydroponics, hydroponics gardening, new, general hydroponics, general"
8,"mantap, mantap bang, sekali, bro, bos, mantap sekali, ilmunya, mantap pak, mantap mas, semangat"
9,"sangat, bermanfaat, sangat bermanfaat, sekali, menginspirasi, keren, sangat menginspirasi, bermanfaat sekali, ilmu, kreatif"
10,"apa, pake, apa bang, merk, pupuk, apa kak, apa mas, pake apa, merek, nutrisi"
11,"pak, apa pak, berapa pak, apakah, gimana, kasih pak, pak mau, ilmunya pak, brp, mantap pak"
12,"hydroponic, garden, gardening, hydroponic garden, indoor, hydroponic gardening, systems, hydroponic systems, farming, tower"
13,"grow, light, lights, led, grow light, grow lights, led grow, tent, click, click grow"
14,"great, great video, idea, great idea, great job, job, info, information, great work, work"
15,"berapa, ukuran, harga, hari, berapa bang, berapa hari, ukuran berapa, panen, liter, pipa"
16,"hidroponik, tanaman, buat, tanam, pupuk, kalo, nutrisi, apakah, mix, cara"
17,"love, videos, love video, channel, love videos, idea, love idea, love channel, garden, watching"
18,"lettuce, harvest, hydroponic lettuce, growing lettuce, grow lettuce, growing, leaves, romaine, lettuce grow, days"
19,"solution, nutrient, nutrient solution, mix, calcium, sir, nitrate, strength, meter, add"
20,"sukses, selalu, sukses selalu, salam, sehat, semoga sukses, semoga, terus, salam sukses, sehat selalu"
21,"hydro, hydroponicgardening hydroponics, hydro hydroponicgardening, hydroponicgardening, day, update, hydro setup, day hydro, setup, week"
22,"kratky, method, kratky method, setup, dwc, basil, kratky setup, bucket, kratky hydroponics, update"
23,"pakai, mix, pakai apa, pakai air, pompa, pupuk, pakai pupuk, pakai pompa, pakai mix, pakai nutrisi"
24,"growing, time, help, work, tomatoes, new, start, right, people, setup"
25,"plant, roots, tomato, leaves, tomato plant, root, pepper, basil, pepper plant, plant food"
26,"sama, semoga, semoga bermanfaat, bermanfaat, sama sama, kak semoga, semangat, sama kak, sama semoga, berhasil"
27,"beli, dimana, mana, beli dimana, mix, toko, beli mana, link, bibit, dmn"
28,"ppm, meter, tds, brp, baku, air baku, ppm ppm, berapa ppm, ppm air, brp ppm"
29,"terimakasih, ilmunya, terimakasih ilmunya, makasih, banyak, atas, ilmu, terimakasih banyak, terimakasih atas, atas ilmunya"
30,"aerogarden, seeds, basil, harvest, pods, seed, garden, pod, days, bounty"
31,"sharing, awesome, nice, amazing, wow, sir, bro, beautiful, awesome video, cool"
32,"mau, tanya, coba, mau tanya, belajar, mau belajar, mau coba, maaf, boleh, kalo"
33,"plants, tomato, tomato plants, soil, gardening, pepper, pepper plants, growing plants, containergarden, plants growing"
34,"nutrients, add, organic, add nutrients, soil, hydroponic nutrients, nutrients water, water nutrients, mix, adding"
