topic_id,topic_label,auto_label,n,share,top_terms,coherence_proxy_mean_cosine,platforms,n_platforms,n_threads,sentiment,pct_negative,pct_positive,top_pain,representative_record_ids,representative_snippets
0,bang_kak_pak_mas,bang_kak_pak_mas,5580,0.0608,"bang, kak, pak, mas, coba, mantap, mau, apa, mana, dont",0.572,"{'youtube': 4746, 'reddit': 404, 'gardenweb': 312, 'bluesky': 75, 'lemmy': 25, 'hackernews': 11, 'mastodon': 7}",7,1220,"{'NEUTRAL': 0.282, 'POSITIVE': 0.277, 'NEGATIVE': 0.222, 'AMBIGUOUS': 0.148, 'MIXED': 0.07}",0.222,0.277,"{'PLANT_HEALTH': 135, 'KNOWLEDGE': 44, 'COST': 17}",youtube:Ugw8tXeo6LBevp_DML54AaABAg|youtube:UgxB4OhcSycuQPjEeTV4AaABAg.9q-vRXmNlbF9q-wRj1XewS|youtube:UgybRQId-bzONbaw5Sx4AaABAg.9YON4V8P64k9YOYOG2b7Cw|youtube:UgwHvolitgSHP4ixiIV4AaABAg|youtube:UgwUHNbKBur78sBbnh14AaABAg.9FmjcCfftRY9FmnuCQPqe-,Cerdas om. Ikuuutt bikiiinn.. || Spertinya ndak bisa kak || Gk kepake kak hehe
1,bermanfaat_kasih_ilmunya_terima,bermanfaat_kasih_ilmunya_terima,5250,0.0572,"bermanfaat, kasih, ilmunya, terima, terimakasih, terima kasih, semoga, sangat, sukses, ilmu",0.656,"{'youtube': 4884, 'reddit': 175, 'gardenweb': 160, 'bluesky': 24, 'mastodon': 4, 'lemmy': 2, 'hackernews': 1}",7,834,"{'POSITIVE': 0.929, 'NEUTRAL': 0.03, 'AMBIGUOUS': 0.02, 'MIXED': 0.012, 'NEGATIVE': 0.009}",0.009,0.929,"{'PLANT_HEALTH': 26, 'KNOWLEDGE': 7, 'COST': 7}",youtube:UgznEhgVmmfLXSGr-u14AaABAg|youtube:UgwmocY7oG6WhqhzPhd4AaABAg|youtube:UgxrzGbL7AlX6lVQQRZ4AaABAg|youtube:UgyPlO7evzP-mbzePMZ4AaABAg|youtube:UgyHhcIvQufoMAjZuwt4AaABAg,Bermanfaat sekali terimakasih bang || makasih bang ilmunya🙏 || 🎉 bermanfaat sekali ini.. terimakasih
2,hydroponics_hidroponik_hydroponic_fish,hydroponics_hidroponik_hydroponic_fish,4771,0.052,"hydroponics, hidroponik, hydroponic, fish, hydro, aquaponics, water, video, systems, ikan",0.59,"{'youtube': 2159, 'reddit': 1255, 'gardenweb': 464, 'mastodon': 434, 'hackernews': 173, 'bluesky': 156, 'lemmy': 112, 'stackexchange': 18}",8,2774,"{'NEUTRAL': 0.433, 'POSITIVE': 0.266, 'AMBIGUOUS': 0.15, 'NEGATIVE': 0.099, 'MIXED': 0.053}",0.099,0.266,"{'PLANT_HEALTH': 139, 'COST': 131, 'KNOWLEDGE': 89}",youtube:Ugw3b03Dityi3vprL7p4AaABAg.AHbeCj8gHSJAHc8LhnbIrU|reddit:t3_5eb7d5|reddit:t3_27846a|reddit:t3_1mmy1u|youtube:UgzZjs208yZb3gFG_5l4AaABAg.9unG8tSw3eo9unq0a4LMY3,Bisa pake pupuk hidroponik || Your Introduction to Hydroponics || The Future of Hydroponics
3,sir_ang_bang_kak,sir_ang_bang_kak,4734,0.0516,"sir, ang, bang, kak, mas, pak, salam, lang, ako, yung",0.638,"{'youtube': 4567, 'reddit': 94, 'gardenweb': 30, 'bluesky': 17, 'lemmy': 16, 'mastodon': 9, 'hackernews': 1}",7,713,"{'POSITIVE': 0.425, 'NEUTRAL': 0.294, 'AMBIGUOUS': 0.122, 'NEGATIVE': 0.094, 'MIXED': 0.065}",0.094,0.425,"{'PLANT_HEALTH': 44, 'COST': 33, 'KNOWLEDGE': 12}",youtube:Ugwu098RRIV7NCx1BUd4AaABAg|youtube:UgyYrF74Ovmo_yRVjAd4AaABAg.AHSOjLNH46XAHcBjW1Dt_4|youtube:UgwS6zS_AUR6kRSFeVJ4AaABAg|youtube:Ugz2O0VCLaeEbCHYH8d4AaABAg|youtube:UgzFgoQBSI0WozsJNZV4AaABAg,Nyimak sja Kak 😁👍 || @imasayunigtias wah mantap kak 🙏🥰 || Langsung suscribe👍 makasih pak sehat selalau❤
4,nutrisi_ppm_nutrients_nutrient,nutrisi_ppm_nutrients_nutrient,4453,0.0485,"nutrisi, ppm, nutrients, nutrient, water, calcium, solution, air, nitrate, mix",0.602,"{'youtube': 2857, 'gardenweb': 967, 'reddit': 509, 'stackexchange': 39, 'bluesky': 23, 'hackernews': 21, 'mastodon': 19, 'lemmy': 18}",8,1420,"{'NEUTRAL': 0.55, 'AMBIGUOUS': 0.201, 'NEGATIVE': 0.151, 'POSITIVE': 0.064, 'MIXED': 0.034}",0.151,0.064,"{'NUTRIENTS': 312, 'PH': 301, 'PLANT_HEALTH': 275}",youtube:UgwwOM7kzEvmMbnz3194AaABAg|youtube:UgzRoamPAl05oK_1O094AaABAg|youtube:UgyzgclhpRpAU5QTwQZ4AaABAg|youtube:UgyiG4EjPxQPesXl3u54AaABAg|youtube:UgxlDBZYpUocFBMpAHV4AaABAg,Klo ngukur pH air sudah kecampur nutrisi ab mix bisa ga om? Makasih 🙏 || nutrisi cair bisa gk pak pke nyiram tnman yg di tanah supay cepet sbur trim ksh || Cara nurunin kadar nutrisi air gmna bang ?
5,hydroponics_hydroponic_grow_garden,hydroponics_hydroponic_grow_garden,4099,0.0447,"hydroponics, hydroponic, grow, garden, plants, indoor, growing, gardening, water, soil",0.621,"{'reddit': 1698, 'youtube': 696, 'gardenweb': 558, 'mastodon': 408, 'bluesky': 351, 'hackernews': 181, 'lemmy': 162, 'stackexchange': 45}",8,3353,"{'NEUTRAL': 0.321, 'AMBIGUOUS': 0.248, 'POSITIVE': 0.227, 'MIXED': 0.122, 'NEGATIVE': 0.081}",0.081,0.227,"{'PLANT_HEALTH': 237, 'COST': 163, 'KNOWLEDGE': 148}",reddit:t3_1gccygu|bluesky:at://did:plc:ycgdc6ut5p6ab3t7zrn4shwq/app.bsky.feed.post/3msimafnmuc2q|reddit:t3_a2mhx8|mastodon:https://mastodon.world/users/Luter/statuses/111846850961104956|reddit:t3_5wglva,"my new hydroponic gardening set-up || Starting our indoor garden! Bit of an experimental and bolder idea i've prepped for it, between hydroponics and my own attempts at natural growth -- Going to be doing a lot of work on it! Larkspurs, Asarinas, Salvias as  || Ideas for Home Hydroponics Gardens"
6,tanaman_seeds_plants_plant,tanaman_seeds_plants_plant,3931,0.0429,"tanaman, seeds, plants, plant, melon, benih, daun, seed, grow, buah",0.591,"{'youtube': 2522, 'reddit': 862, 'gardenweb': 414, 'bluesky': 45, 'mastodon': 39, 'lemmy': 24, 'hackernews': 15, 'stackexchange': 10}",8,1667,"{'NEUTRAL': 0.403, 'POSITIVE': 0.196, 'NEGATIVE': 0.178, 'AMBIGUOUS': 0.161, 'MIXED': 0.062}",0.178,0.196,"{'PLANT_HEALTH': 215, 'COST': 46, 'KNOWLEDGE': 31}",youtube:Ugx9sbJ1lZMPdok-FqZ4AaABAg|youtube:Ugz0MkO-p7FdY7UeWvl4AaABAg|youtube:UgxfQKzqzXKS60vAZF54AaABAg|youtube:UgzNmcDqT8nTxMEvHNF4AaABAg|youtube:UgzNMaxU353eYPW9J0l4AaABAg,"Buat semai tanaman genjer bisa juga ga kak || akarnya pengangan apa itu,apa ngak roboh tanamanya kalau tumbuh || Apakah tanaman kangkung punya benih biji ? Trims infonya. aku"
7,basil_leaves_plant_plants,basil_leaves_plant_plants,3854,0.042,"basil, leaves, plant, plants, seeds, roots, growing, grow, pods, seed",0.576,"{'reddit': 2500, 'gardenweb': 517, 'youtube': 446, 'mastodon': 251, 'bluesky': 50, 'lemmy': 42, 'stackexchange': 41, 'hackernews': 7}",8,3278,"{'NEGATIVE': 0.343, 'NEUTRAL': 0.241, 'AMBIGUOUS': 0.214, 'POSITIVE': 0.12, 'MIXED': 0.082}",0.343,0.12,"{'PLANT_HEALTH': 490, 'KNOWLEDGE': 189, 'NUTRIENTS': 77}",reddit:t3_1tgq0ew|gardenweb:gw_a7347958|reddit:t3_1dksswa|youtube:Ugwdw4y7TdPJ59ag9Jp4AaABAg|mastodon:https://worldkey.io/users/GregWiggleton/statuses/115984785342153068,"Basil progress, where do I prune this one now that it reached the top of the AG? I took out the one that failed to grow and just have 2 plants now. There's some brown leaves at the lower branches, why do they happen and  || Thanks Ethno and Lucas. Here's some more pics. Sorry for the size but I can't seem to make them bigger. The roots seem fine so I don't think it's too much nutrients. I was growing this in a 3 gal. bucket with 1.5 gal. of || Help with my basil seedlings? Ok so, I started these seedlings, 2 per pot. Once they got their first set of true leaves I transplanted them to hydroponics, until a friend told me then roots were being drowned. I transpla"
8,tomatoes_tomato_peppers_plants,tomatoes_tomato_peppers_plants,3553,0.0387,"tomatoes, tomato, peppers, plants, plant, pepper, growing, leaves, grow, cherry",0.648,"{'reddit': 1945, 'gardenweb': 814, 'youtube': 328, 'mastodon': 289, 'bluesky': 81, 'hackernews': 44, 'lemmy': 32, 'stackexchange': 20}",8,2847,"{'NEUTRAL': 0.263, 'NEGATIVE': 0.245, 'AMBIGUOUS': 0.228, 'POSITIVE': 0.176, 'MIXED': 0.089}",0.245,0.176,"{'PLANT_HEALTH': 294, 'KNOWLEDGE': 138, 'NUTRIENTS': 112}",reddit:t3_fbe5hu|youtube:UgxY7I9-zgs5J6XNa9R4AaABAg|mastodon:https://worldkey.io/users/GregWiggleton/statuses/113335692829039391|reddit:t3_eajitl|mastodon:https://worldkey.io/users/GregWiggleton/statuses/113512409458852801,Overgrown Tomatoes - how to control? || What doesn’t grow well like this? Is tomatoes good? || So many little tomatoes! #garden #hydroponic #tomato
9,sangat_bos_belajar_sukses,sangat_bos_belajar_sukses,3419,0.0373,"sangat, bos, belajar, sukses, tutorial, menginspirasi, tutorialnya, kreatif, mantap, idea",0.554,"{'youtube': 3087, 'reddit': 162, 'gardenweb': 123, 'bluesky': 18, 'hackernews': 14, 'lemmy': 13, 'mastodon': 1, 'stackexchange': 1}",8,763,"{'POSITIVE': 0.71, 'NEUTRAL': 0.146, 'AMBIGUOUS': 0.082, 'NEGATIVE': 0.032, 'MIXED': 0.03}",0.032,0.71,"{'PLANT_HEALTH': 22, 'KNOWLEDGE': 20, 'COST': 17}",youtube:UgyhmRM47LeNIHGUyht4AaABAg|youtube:Ugwxapp3yKBkQPhraft4AaABAg|youtube:Ugxs7xlg4EQwlaYqxV54AaABAg|youtube:UgydgwqdNS1qmxDsSoJ4AaABAg|youtube:UgyvVQE-bO98zkX_xtZ4AaABAg,"Semangat terus kakak keren tutorial nya,,moga sukses👍 || Wehh maantap.. boleh dicoba nih.. makkasih ilmunya banng.. sehat n sukses selalu.. || Lebih dimengerti tutorial nya.. Sukses selalu bg.. Salam kenal dari Medan. Horas"
10,roots_water_plants_root,roots_water_plants_root,3105,0.0339,"roots, water, plants, root, plant, grow, growing, nutrient, coco, net",0.568,"{'reddit': 1040, 'gardenweb': 1005, 'youtube': 792, 'mastodon': 84, 'lemmy': 65, 'stackexchange': 55, 'hackernews': 33, 'bluesky': 31}",8,1931,"{'AMBIGUOUS': 0.323, 'NEUTRAL': 0.276, 'NEGATIVE': 0.226, 'MIXED': 0.098, 'POSITIVE': 0.076}",0.226,0.076,"{'PLANT_HEALTH': 474, 'KNOWLEDGE': 135, 'NUTRIENTS': 129}",reddit:t3_fcfeaw|youtube:UgwlK9RT6bdm77k6tYF4AaABAg|gardenweb:gw_a7391136|gardenweb:gw_a7343231|gardenweb:gw_a7409864,"Plant (mint I think?) growing in the water tank where roots are. What should I do? || Permisi kak mau tanya, cara mengatasi busuk akar pada selada hidroponik gimana ya? Saya sudah pernah pakai H2O2 50% sya aplikasikan 1 ml/2 liter air tapi kok masih belum ada perkembangan ya, malahan bertambah tanaman yan || I was under the impression that I was supposed to keep the roots from going down into the reservoir (that the trickle is their only source of nutrient solution), but was wondering about adding an airstone and letting the"
11,apa_bang_mix_pakai,apa_bang_mix_pakai,3080,0.0336,"apa, bang, mix, pakai, mas, pupuk, pake, kak, pak, rockwool",0.557,"{'youtube': 2721, 'reddit': 239, 'gardenweb': 74, 'bluesky': 25, 'lemmy': 13, 'mastodon': 4, 'hackernews': 3, 'stackexchange': 1}",8,839,"{'NEUTRAL': 0.541, 'AMBIGUOUS': 0.153, 'NEGATIVE': 0.152, 'POSITIVE': 0.102, 'MIXED': 0.052}",0.152,0.102,"{'PLANT_HEALTH': 91, 'NUTRIENTS': 18, 'COST': 14}",youtube:Ugy0Y1LpoOTQEFNgmoJ4AaABAg|youtube:UgxXvJgl_xnjH7BwWid4AaABAg|youtube:Ugyj9x-PgVJchoa0TS94AaABAg|youtube:Ugzf-O86QgWD8BvgN254AaABAg|youtube:Ugx_Xfkm7l85zl-jhpJ4AaABAg,Ab mix yg udah di cairkn bsa brtahan brp bln? Apa sda btas kadalusrsanya? || Ini bgus buat seledri jg kah mas || Klo alt ukrnya hnya tds saja gmn crnya pak
12,air_water_airnya_apa,air_water_airnya_apa,3037,0.0331,"air, water, airnya, apa, kak, pakai, hidroponik, hari, tap, kalo",0.644,"{'youtube': 2426, 'reddit': 270, 'gardenweb': 260, 'lemmy': 24, 'mastodon': 24, 'bluesky': 23, 'hackernews': 8, 'stackexchange': 2}",8,969,"{'NEUTRAL': 0.494, 'NEGATIVE': 0.209, 'AMBIGUOUS': 0.189, 'POSITIVE': 0.068, 'MIXED': 0.04}",0.209,0.068,"{'PLANT_HEALTH': 115, 'EQUIPMENT': 42, 'KNOWLEDGE': 39}",youtube:Ugw5zNygUNKhu4FHwvx4AaABAg|youtube:UgwSm-AUsTTjuXRuo5l4AaABAg|youtube:UgzYn4KFm5opSfoDoR94AaABAg|youtube:UgzyINtOnZUi7FqbZQ94AaABAg|youtube:UgwIpF34xnl8Gb-MCJV4AaABAg,Mas kalau air bakunya pakai air sumbur gimana || pakai airnya boleh air yg mengandung kaporit spt air pam gitu? || Kalau air nya berbuah g mana kang?
13,light_lights_led_grow,light_lights_led_grow,2746,0.0299,"light, lights, led, grow, matahari, lighting, plants, sinar, leds, sinar matahari",0.58,"{'reddit': 1155, 'youtube': 992, 'gardenweb': 464, 'mastodon': 41, 'hackernews': 31, 'bluesky': 25, 'stackexchange': 21, 'lemmy': 17}",8,1627,"{'NEUTRAL': 0.366, 'AMBIGUOUS': 0.23, 'NEGATIVE': 0.213, 'POSITIVE': 0.098, 'MIXED': 0.092}",0.213,0.098,"{'PLANT_HEALTH': 149, 'COST': 90, 'KNOWLEDGE': 83}",youtube:UgyXrzHVgbEGkfekD614AaABAg.ASMPwOjlsdZASMswXKE6Mo|youtube:UgxD0JUB3Na0PRQ-0Kp4AaABAg|youtube:UgwI4oNalgF_N2UC2NN4AaABAg.A9CIyXKNw82A9Fk0J9dhKt|gardenweb:gw_a16274039|youtube:UgyeuvIc9jKYzAwdiiV4AaABAg.AYXr97cWCPfAYwHH-l3zxT,"Kurang maksimal kak, kalo tempat tertutup perlu bantuan lampu khusus tanaman || Dari pecah kecambah lsg taruh di sinar matahari, tapi kok tanamannya gk tumbuh gede ya apa mesti taruh tempat teduh tp pencahayaan terang dl kak? || Pakai lampu growlight, khusus tanaman. Kalau di luar indo biasanya banyak yg jual"
14,beli_harga_berapa_toko,beli_harga_berapa_toko,2733,0.0298,"beli, harga, berapa, toko, jual, dimana, kak, online, modal, bang",0.542,"{'youtube': 2372, 'reddit': 182, 'gardenweb': 114, 'hackernews': 26, 'bluesky': 19, 'lemmy': 15, 'mastodon': 4, 'stackexchange': 1}",8,756,"{'NEUTRAL': 0.617, 'NEGATIVE': 0.138, 'POSITIVE': 0.108, 'AMBIGUOUS': 0.103, 'MIXED': 0.034}",0.138,0.108,"{'COST': 273, 'KNOWLEDGE': 24, 'PLANT_HEALTH': 22}",youtube:UgyGq1x4lJ1Vq65Brhd4AaABAg|youtube:UgwINrFQdVE9w6oDoOl4AaABAg|youtube:UgxbZI1OFW-JsZ-Fckx4AaABAg.9ZeacSYrjA69ZeiVMngIVy|youtube:Ugwxb02na7VDtyLWo8V4AaABAg|youtube:UgzcuTV4dKO-IEwsJpR4AaABAg,"Beli bahan2 itu dmn dok.. || Beli bahannya habis berapa pak... || Sayuran apa mas ? Perlu hati hati beli NPK karungan. Saya pernah dapat yang ""palsu"""
15,farming_food_hydroponics_land,farming_food_hydroponics_land,2673,0.0291,"farming, food, hydroponics, land, hydroponic, people, farm, vertical, farms, agriculture",0.553,"{'youtube': 922, 'hackernews': 726, 'reddit': 307, 'bluesky': 230, 'lemmy': 211, 'gardenweb': 165, 'mastodon': 109, 'stackexchange': 3}",8,1624,"{'AMBIGUOUS': 0.272, 'NEGATIVE': 0.27, 'NEUTRAL': 0.201, 'POSITIVE': 0.168, 'MIXED': 0.089}",0.27,0.168,"{'COST': 223, 'PLANT_HEALTH': 196, 'AUTOMATION': 75}",reddit:t3_1kfrt9i|lemmy:https://aggregatet.org/comment/12844|bluesky:at://did:plc:oc4o2ufcryvezvxssuq36lxs/app.bsky.feed.post/3mqm7xqccsb2z|reddit:t3_1bjbhhm|youtube:Ugxasz0WcxuC5j1-QHZ4AaABAg,"Unlocking the Potential of Hydroponics: The Future of Farming is Here || Varning för uppsats: Det beror väl lite på i vilket sammanhang och i vilken skala. Jag ser en koppling till frågan om vad som får eller inte får kosta pengar och hur produktion organiseras. Hydroponisk odling för att kun || Peluang Usaha Hidroponik di Lahan Terbatas, Bisnis Pertanian Modern yang Semakin Menjanjikan Pugur - #Keterbatasan #lahan kini #bukan lagi #menjadi #alasan #untuk #tidak #memulai #usaha di bidang pertanian. Dengan teknol"
16,nutrients_soil_organic_water,nutrients_soil_organic_water,2596,0.0283,"nutrients, soil, organic, water, fertilizer, nutrient, plants, hydroponics, hydroponic, compost",0.593,"{'youtube': 1177, 'gardenweb': 607, 'reddit': 491, 'hackernews': 137, 'lemmy': 64, 'stackexchange': 55, 'bluesky': 33, 'mastodon': 32}",8,1373,"{'NEUTRAL': 0.393, 'AMBIGUOUS': 0.255, 'NEGATIVE': 0.201, 'POSITIVE': 0.087, 'MIXED': 0.064}",0.201,0.087,"{'PLANT_HEALTH': 236, 'NUTRIENTS': 210, 'KNOWLEDGE': 84}",youtube:UgyxDVfnKtSj2wBnVAN4AaABAg.8sk-gaeZOQw8sk1Ds3H4aK|youtube:UgwymcklVMU-KEbrQ9d4AaABAg|youtube:UgyUV_yFEKsDJMW42VF4AaABAg|youtube:Ugzo6EVRL7FK1VVnffB4AaABAg.A6lDS-UkHBXA6lP91zXtfq|youtube:UgylOyfddbtckPCQ7lZ4AaABAg.AVKiBnZRWq_AVM90pg1goK,"Itu gak pas utk apapun, paling kl mau digunakan utk guyur ponik masih bisa, utk ngocor semua tanaman di pot/ sekitar rumah (yang ditanam di tanah) baik daun, buah, tanaman tahunan. Krn kl hidroponik itu nutrisinya harus  || mas, utk tanaman hidroponik kepekatan nutrisi standarnya brp ? dari mulai penyemaian sampai panen. tks || Jadi tau nih cara meracik pupuk nutrisi tanaman hidroponik"
17,garden_gardening_berkebun_grow,garden_gardening_berkebun_grow,2273,0.0248,"garden, gardening, berkebun, grow, video, petani, love, kebun, growing, green",0.584,"{'youtube': 1748, 'reddit': 309, 'gardenweb': 109, 'bluesky': 41, 'mastodon': 28, 'lemmy': 26, 'hackernews': 12}",7,842,"{'POSITIVE': 0.552, 'NEUTRAL': 0.202, 'AMBIGUOUS': 0.115, 'NEGATIVE': 0.083, 'MIXED': 0.048}",0.083,0.552,"{'COST': 36, 'PLANT_HEALTH': 36, 'KNOWLEDGE': 15}",youtube:UgzJWdMbTzfVDBvDLTF4AaABAg|youtube:Ugx4PkGHjy4C-qcYkgB4AaABAg|youtube:UgzcqVH5KzMKsMxshsZ4AaABAg|youtube:UgzPM2QirAiKXkcHbqR4AaABAg|youtube:UgzPUasqGM6uHRPIw1p4AaABAg.AFWL_23ShvAAFXUnhWj_tm,mantap lengkap kebutuhan berkebun disitu ya || Bermanfaat banget jadi pengen berkebun kk || Lengkap banget keperluan berkebun nya👍
18,ppm_meter_liter_tds,ppm_meter_liter_tds,2257,0.0246,"ppm, meter, liter, tds, air, berapa, liter air, kalibrasi, sensor, pekatan",0.596,"{'youtube': 1708, 'gardenweb': 369, 'reddit': 157, 'mastodon': 7, 'bluesky': 6, 'hackernews': 6, 'stackexchange': 3, 'lemmy': 1}",8,636,"{'NEUTRAL': 0.68, 'AMBIGUOUS': 0.144, 'NEGATIVE': 0.108, 'POSITIVE': 0.043, 'MIXED': 0.024}",0.108,0.043,"{'EC_TDS': 135, 'PLANT_HEALTH': 60, 'SENSOR': 59}",youtube:Ugwwd_ob9EpUTX1CY2t4AaABAg|youtube:Ugxb-o6YS0e3x_c8Cod4AaABAg|youtube:Ugy_TLy3xLqP8is8q8x4AaABAg.9B0VCCo-MNK9B0XjXU8xVh|youtube:UgxfsMDiIHSLB9elNUF4AaABAg.9Vl9TTzrLbY9VlAf6wVhpg|youtube:Ugw8_WqfnhNlUNDyl_54AaABAg,"Kak itu 2 liter air kan 10AB mix kan, nah untuk ukuran ppmnya berapa ya itu? Pengen tau, soalnya saya belum punya TDS meternya. Mohon jawabannya kak🙏 || Mau tanya mas, itu dapat angka PPM nya setelah pekatan dicampur air berapa liter mas ? || 25 ml pekatan A, 25 ml pekatan B, utk hasil +/- 1000 ppm kak (tanpa menghitung ppm air baku)"
19,sayuran_sayur_daun_vegetables,sayuran_sayur_daun_vegetables,2182,0.0238,"sayuran, sayur, daun, vegetables, bawang, grow, buah, greens, mix, tanaman",0.652,"{'youtube': 1612, 'reddit': 268, 'gardenweb': 117, 'bluesky': 51, 'hackernews': 49, 'mastodon': 47, 'lemmy': 33, 'stackexchange': 5}",8,873,"{'NEUTRAL': 0.38, 'POSITIVE': 0.271, 'AMBIGUOUS': 0.163, 'NEGATIVE': 0.123, 'MIXED': 0.063}",0.123,0.271,"{'PLANT_HEALTH': 111, 'COST': 51, 'NUTRIENTS': 20}",youtube:UgxM1J2YGYFqBCumA4J4AaABAg.9Ruef-Z5Z6KA56QfzLECpQ|youtube:Ugxaa6sKXaS30pZYCth4AaABAg|youtube:UgwMnnNP0xls8wIOWXV4AaABAg|youtube:Ugz9OvPvyM71uF_rTsV4AaABAg|youtube:Ugw9BT9RdOJjqK4QrkN4AaABAg,Untuk cabe ngak bisa sayuran || Tp kok keritinng sayur nya kk || Gilee seger dan gendut2 bener sayurannya
20,lettuce_grow_growing_kratky,lettuce_grow_growing_kratky,2085,0.0227,"lettuce, grow, growing, kratky, spinach, salad, plants, seeds, water, plant",0.632,"{'reddit': 983, 'gardenweb': 431, 'youtube': 369, 'mastodon': 137, 'bluesky': 91, 'hackernews': 32, 'lemmy': 22, 'stackexchange': 20}",8,1595,"{'NEUTRAL': 0.281, 'AMBIGUOUS': 0.238, 'NEGATIVE': 0.191, 'POSITIVE': 0.186, 'MIXED': 0.104}",0.191,0.186,"{'PLANT_HEALTH': 163, 'KNOWLEDGE': 84, 'NUTRIENTS': 60}",reddit:t3_uobsuh|mastodon:https://vive.im/users/afg/statuses/116878187102870664|reddit:t3_124q1dd|mastodon:https://mastodon.social/users/firephoto/statuses/110866931663443734|reddit:t3_1npgzxo,My harvest from my first Kratky attempt at lettuce! I put the young seedlings into nutrient solution on 4/16 and it's been quite rewarding eating the lettuce I grew myself even if it's just a small salad for starters :D  || Week 3 of our hydroponic lettuce trial – growth is looking strong 🌱 #hydroponics || Interesting to planting a lettuce with hydroponic system 😍
21,video_videos_great video_great,video_videos_great video_great,2075,0.0226,"video, videos, great video, great, videonya, youtube, kak, love, vidio, channel",0.683,"{'youtube': 2020, 'reddit': 37, 'gardenweb': 10, 'bluesky': 4, 'hackernews': 2, 'lemmy': 2}",6,448,"{'POSITIVE': 0.617, 'NEUTRAL': 0.22, 'NEGATIVE': 0.073, 'AMBIGUOUS': 0.059, 'MIXED': 0.03}",0.073,0.617,"{'PLANT_HEALTH': 14, 'KNOWLEDGE': 10, 'COST': 9}",youtube:Ugx3lhGLeGpB3H1Xxpp4AaABAg|youtube:UgxKgnCH_BneKFticWx4AaABAg|youtube:UgwNSugXjNe9BKC1-fZ4AaABAg|youtube:UgwCjhVgFHVqvpohU_94AaABAg|youtube:UgwlCxKeQ09RO-Uo6SB4AaABAg,"Nice video mas, terimakasih ilmunya 👍🏻 semoga berkah || videonya sangat bermanfaat 👍🏻 || Mantap...sangat membantu sekali videonya 👍"
22,pump_pompa_pipe_pumps,pump_pompa_pipe_pumps,1902,0.0207,"pump, pompa, pipe, pumps, pvc, air, water, pressure, listrik, power",0.601,"{'youtube': 1153, 'gardenweb': 375, 'reddit': 317, 'hackernews': 19, 'bluesky': 17, 'mastodon': 11, 'lemmy': 10}",7,801,"{'NEUTRAL': 0.546, 'AMBIGUOUS': 0.183, 'NEGATIVE': 0.157, 'POSITIVE': 0.075, 'MIXED': 0.038}",0.157,0.075,"{'EQUIPMENT': 116, 'PLANT_HEALTH': 113, 'COST': 68}",youtube:Ugzn4TDV0Lvk5uYFUxN4AaABAg|youtube:UgzeUR_0A1M415rjjdF4AaABAg.9CopyQRIHPj9D0naGtjFR9|youtube:UgwesSIdhu6sG6UPO214AaABAg|youtube:Ugy_kxcGGtEHOVntKr14AaABAg|youtube:UgywpdzXTWn_xDwk5JV4AaABAg,"Klau pakai pompa air itu kan pakai listrik ya bng..jdi pompa nya harus selalu hidup apa ada wktu tertentu untuk memakai nya bng..mohon info nya bang..trimakash || pakai pompa merek apa aja bisa asal daya angkatnya 2 meter || pakai pompa yg spesifikasi brpa ya pak,?? punya saya kok airnya meluber,, pdhl saya pakai pompa 25watt, 5meter, 800liter/jam"
23,water_pump_air_bucket,water_pump_air_bucket,1772,0.0193,"water, pump, air, bucket, buckets, reservoir, drain, flow, gallon, dwc",0.573,"{'reddit': 609, 'gardenweb': 562, 'youtube': 506, 'mastodon': 33, 'bluesky': 20, 'hackernews': 15, 'stackexchange': 14, 'lemmy': 13}",8,1167,"{'NEUTRAL': 0.368, 'AMBIGUOUS': 0.335, 'NEGATIVE': 0.163, 'POSITIVE': 0.08, 'MIXED': 0.054}",0.163,0.08,"{'PLANT_HEALTH': 192, 'EQUIPMENT': 115, 'COST': 78}",youtube:UgzGa5GCroKszBzMtUp4AaABAg|youtube:UgxqlhhWkfIkpR-vQLF4AaABAg|gardenweb:gw_a7376716|reddit:t3_gyuz6w|youtube:UgybESwtTqxXgERUOkN4AaABAg.AXOP63-JBPZAXORWFJio56,"Kyknya mungkin bs bikin alat utk nanam aeroponic/hidroponic vertikal tanpa perlu pompa 24 jam , sistem aeroponic skrg biasanya aer dipompa ke atas menggunakan selang yg ada di dalam pipa lalu turun ke bawah membasahi aka || Knp wadah air nya perlu yg tidak transparan mas? Apa biar tidak d tumbuhi lumut? || I like your idea, but I think you will have issues because the water will get stagnant in the reservoir and at the bottom of the pots. This system would work great if you could run an air pump with an airstone in the res"
24,plastic_foam_plastik_plastics,plastic_foam_plastik_plastics,1715,0.0187,"plastic, foam, plastik, plastics, food, black, cups, pool, pvc, safe",0.524,"{'youtube': 1217, 'reddit': 243, 'gardenweb': 211, 'lemmy': 21, 'bluesky': 9, 'mastodon': 7, 'hackernews': 4, 'stackexchange': 3}",8,632,"{'NEUTRAL': 0.457, 'NEGATIVE': 0.191, 'AMBIGUOUS': 0.173, 'POSITIVE': 0.144, 'MIXED': 0.036}",0.191,0.144,"{'PLANT_HEALTH': 67, 'COST': 34, 'EQUIPMENT': 30}",youtube:UgyAGvJDD7P73T4FcNh4AaABAg.93dNtaFOW-K93dOaxwDfzw|youtube:UgwmNHW_z9MuqAgvMmN4AaABAg|youtube:UgziSAdWs8hgG_loSYR4AaABAg|youtube:UgzWMs6dIfOnrMz79Jt4AaABAg|youtube:UgxHgYiPMUgq__oEN1l4AaABAg,Plastik biasa om... || Satu plastik isi nya brp gan || atas ngga di tutup plastik ga pp om
25,hujan_temperature_air_water,hujan_temperature_air_water,1702,0.0186,"hujan, temperature, air, water, heat, chiller, atap, temp, fan, panas",0.582,"{'youtube': 1257, 'gardenweb': 198, 'reddit': 193, 'lemmy': 14, 'mastodon': 14, 'hackernews': 13, 'bluesky': 10, 'stackexchange': 3}",8,678,"{'NEUTRAL': 0.351, 'AMBIGUOUS': 0.27, 'NEGATIVE': 0.222, 'POSITIVE': 0.092, 'MIXED': 0.066}",0.222,0.092,"{'PLANT_HEALTH': 138, 'TEMPERATURE': 124, 'COST': 39}",youtube:UgxdiagjHI1Mw9ZX_vd4AaABAg|youtube:UgwLGTqHIBdNttLKvaR4AaABAg|youtube:UgyE73JoQh8nX-UzM2J4AaABAg|youtube:UgxuRITfUKyAJWckMwJ4AaABAg|youtube:Ugwp8_cXXhx6qDUXqRF4AaABAg,"Mantap,, tapi tandon juga harus teduh dan dingin agar kondisi suhu air ttp trjaga 👍👍 || Bang mau nanya. Apa kah tds itu bisa buat ngukur suhu air juga? || Halo, utk penanaman hidroponik apakah boleh diletakkan di tempat yg terkena air hujan?"
26,berapa_pipa_ukuran_lubang,berapa_pipa_ukuran_lubang,1655,0.018,"berapa, pipa, ukuran, lubang, jarak, bang, brp, mas, paralon, inch",0.588,"{'youtube': 1500, 'reddit': 86, 'gardenweb': 60, 'bluesky': 5, 'lemmy': 3, 'hackernews': 1}",6,502,"{'NEUTRAL': 0.732, 'AMBIGUOUS': 0.106, 'NEGATIVE': 0.082, 'POSITIVE': 0.056, 'MIXED': 0.024}",0.082,0.056,"{'COST': 21, 'PLANT_HEALTH': 13, 'EQUIPMENT': 9}",youtube:UgxE8li61PNWW1VGlSZ4AaABAg|youtube:UgxhdbnQSie0ynxMgzx4AaABAg|youtube:Ugwe2UbvIG2nmYVspEF4AaABAg|youtube:UgxqKz9URL4M4flHazZ4AaABAg|youtube:UgxZzqUYYec2zf7FZWl4AaABAg,Jarak tanam nya berapa cm kak || Pipanya ukuran berapa inci bang || Pipanya itu berapa meter ka?
27,aerogarden_bounty_pods_grow,aerogarden_bounty_pods_grow,1329,0.0145,"aerogarden, bounty, pods, grow, harvest, garden, elite, aero, seed, new",0.555,"{'reddit': 888, 'youtube': 194, 'gardenweb': 93, 'bluesky': 50, 'mastodon': 44, 'hackernews': 32, 'lemmy': 19, 'stackexchange': 9}",8,1159,"{'NEUTRAL': 0.338, 'POSITIVE': 0.202, 'AMBIGUOUS': 0.195, 'NEGATIVE': 0.178, 'MIXED': 0.087}",0.178,0.202,"{'KNOWLEDGE': 54, 'PLANT_HEALTH': 46, 'COST': 43}",reddit:t3_7i8ueh|reddit:t3_7gzp1n|gardenweb:gw_q1995782|gardenweb:gw_q3574118|reddit:t3_kmtkuq,"Aerogarden thoughts, part 2 Hi! A few days ago, I posted asking opinions on an aerogarden. After considering everyone's input (thank you!) I visited a local shop. Chatted with an employee for quite some time, and settled || Great aerogarden find I'm so excited. I found a 7 pod aerogarden at a local thrift store for $10. It's a model from before they had the led light. The pump and light works, I just ordered some herb pods from aerogarden.  || extreme newbie needs advice I picked up an aerogarden that someone was selling for 20 bucks on craigslist, and I just got around to setting it up. From what I gather, it comes with little pods (which I don't have) that y"
28,hari_kain_berapa_panen,hari_kain_berapa_panen,1308,0.0143,"hari, kain, berapa, panen, jam, apa, timer, flanel, kak, berapa hari",0.494,"{'youtube': 1031, 'reddit': 192, 'gardenweb': 61, 'bluesky': 8, 'lemmy': 7, 'mastodon': 5, 'hackernews': 3, 'stackexchange': 1}",8,598,"{'NEUTRAL': 0.559, 'NEGATIVE': 0.138, 'AMBIGUOUS': 0.133, 'POSITIVE': 0.129, 'MIXED': 0.041}",0.138,0.129,"{'PLANT_HEALTH': 28, 'AUTOMATION': 12, 'KNOWLEDGE': 10}",youtube:UgzqAjozzRIJjrmQ34l4AaABAg|youtube:UgxoGHWMmUH3bFxZQph4AaABAg|youtube:UgzxP7_hvGMwIIBV7tZ4AaABAg|youtube:UgzIPI-JUeCPrpxJcY54AaABAg|youtube:UgyrxbGeXXEFaySyqF14AaABAg.9mlFFVUlwycAOZjYhuE7pW,Dari penanaman hingga panen itu sampe berapa hari om trimakasihhh || Berapa hari panen seladanya pak || Bawangrmerahnya di rendam berapa hari ya
29,channel_media_posts week_posts,channel_media_posts week_posts,1189,0.013,"channel, media, posts week, posts, link, music, post, week, subscribe, media tanam",0.476,"{'youtube': 845, 'gardenweb': 207, 'reddit': 101, 'lemmy': 16, 'hackernews': 12, 'bluesky': 5, 'mastodon': 3}",7,558,"{'NEUTRAL': 0.377, 'POSITIVE': 0.313, 'NEGATIVE': 0.19, 'AMBIGUOUS': 0.09, 'MIXED': 0.03}",0.19,0.313,"{'PLANT_HEALTH': 15, 'KNOWLEDGE': 9, 'COST': 8}",youtube:UgzNnqTdLbiM97aocoZ4AaABAg.9N8SVmkega29NCr-HPIVUS|youtube:UgysBKIe4FMJbOovbZp4AaABAg.9_ftlAy3nSY9aMA7eKagkk|youtube:UgxbmHLCEtlOSsWNI7t4AaABAg.ATe3wHE6VhgATg9zB5Wh52|youtube:Ugy_evR8o-5vFKoLLkZ4AaABAg.8waOXU4EwkF8waTeEMpPai|youtube:UgyumnBqP6lzE_bIgct4AaABAg.98sOpCBe4ed98sqcM-KiGY,"Mas Wawan. Channel nya sudah saya subscribe ya. Mohon dibantu subscribe channel saya juga ya👍👍 || Silahkan berkunjung di channel ini || Wahh terimakasih kak, ini sedang diusahakan bisa upload lebih sering lagi seperti dulu 🙌😅"
30,project_setup_dwc_sistem,project_setup_dwc_sistem,1186,0.0129,"project, setup, dwc, sistem, kratky, nft, gardyn, build, update, work",0.464,"{'youtube': 743, 'reddit': 283, 'gardenweb': 91, 'bluesky': 43, 'hackernews': 17, 'lemmy': 6, 'stackexchange': 2, 'mastodon': 1}",8,642,"{'NEUTRAL': 0.476, 'POSITIVE': 0.317, 'NEGATIVE': 0.114, 'AMBIGUOUS': 0.071, 'MIXED': 0.023}",0.114,0.317,"{'AUTOMATION': 19, 'PLANT_HEALTH': 16, 'KNOWLEDGE': 13}",youtube:UgyK_lkUV2C0_7PSXXN4AaABAg|youtube:UgzR406jubrbOBWEhxl4AaABAg|youtube:Ugyp4xfe6McrxqbRd_l4AaABAg.9WXaIgHExYu9WZUN2NTT4z|youtube:Ugzc_gJhVg9nN1a3HYx4AaABAg.APW5cp3BfbEAPWMHErIZfP|youtube:UgztBHessFJtL80KgwB4AaABAg,Love the system. Looks simple and efficient. Thanks for sharing. Keep up the good work! || Mohon info apa apa yg di butuhkan untuk penunjang sistem ini. Jika saya sudah memiliki bak bak seperti yang ada di tutorial nya? 🙏 || Terima kasih infonya mas. Instalasi itu khusus utk peremajaan atau bisa juga untuk persemaian?
31,aphids_bugs_plants_spider,aphids_bugs_plants_spider,1123,0.0122,"aphids, bugs, plants, spider, cat, neem, fungus, mites, plant, spray",0.573,"{'youtube': 489, 'reddit': 347, 'gardenweb': 207, 'mastodon': 33, 'lemmy': 16, 'hackernews': 15, 'bluesky': 11, 'stackexchange': 5}",8,687,"{'NEGATIVE': 0.454, 'AMBIGUOUS': 0.237, 'NEUTRAL': 0.172, 'POSITIVE': 0.074, 'MIXED': 0.063}",0.454,0.074,"{'PLANT_HEALTH': 323, 'KNOWLEDGE': 22, 'NUTRIENTS': 18}",youtube:UgxGqIhdA8YOv_N2X3N4AaABAg.9LPrqWG0AuG9LW8jpVWHEP|youtube:UgzbD85Bd8rfyg2QiyV4AaABAg|youtube:UgzAiDskOM9Y43H3rQR4AaABAg.9TJGYUvV_Hl9Vm_ADxazSR|youtube:Ugxk3IJfCnWsPhC7Ok14AaABAg|youtube:Ugzz107l5yVXfVjQbCh4AaABAg,"Insektisida ampuh membasmi kutu kebul apa, kang? || Tanaman caisim saya kena serangga sm di makan abis, kira kira buat mencegah yg lain kena itu pake apa ya?? || Pestisida apa pupuk mksdny?"
32,algae_peroxide_oxygen_water,algae_peroxide_oxygen_water,920,0.01,"algae, peroxide, oxygen, water, hydrogen, hydrogen peroxide, roots, plants, light, air",0.587,"{'youtube': 426, 'gardenweb': 274, 'reddit': 173, 'stackexchange': 15, 'hackernews': 10, 'mastodon': 8, 'bluesky': 7, 'lemmy': 7}",8,455,"{'NEGATIVE': 0.292, 'AMBIGUOUS': 0.279, 'NEUTRAL': 0.278, 'POSITIVE': 0.096, 'MIXED': 0.054}",0.292,0.096,"{'PLANT_HEALTH': 240, 'KNOWLEDGE': 36, 'NUTRIENTS': 35}",reddit:t3_10soyee|reddit:t3_c4rez1|mastodon:https://infosec.exchange/users/tinker/statuses/112377435295120594|youtube:UgxqqAGRRO8UdU_Rf8J4AaABAg|youtube:UgyVUfRoNN_PMQh8tv14AaABAg,"Can a regime of 3% hydrogen peroxide (h2o2) help me keep algae at bay in Kratky jars? || Clorox or Hydrogen Peroxide for algae cleaning? Hi all! I know this is a question that is probably asked a lot and I apologize if this has been answered before. I got a few replacement pods off amazon and unfortunately t || @linux_mclinuxface - Yeah, agreed on the algae side. It's all about light. I was worried that these buckets would be too thin, but they're turning out alright... so... yay? (I never let the tap water air out. So I wonder"
33,tower_solar_towers_tower garden,tower_solar_towers_tower garden,788,0.0086,"tower, solar, towers, tower garden, garden, hydroponic, printed, hydroponic tower, pump, hydroponics",0.563,"{'youtube': 407, 'reddit': 203, 'mastodon': 60, 'gardenweb': 38, 'lemmy': 32, 'bluesky': 24, 'hackernews': 23, 'stackexchange': 1}",8,447,"{'NEUTRAL': 0.529, 'POSITIVE': 0.171, 'AMBIGUOUS': 0.161, 'NEGATIVE': 0.094, 'MIXED': 0.044}",0.094,0.171,"{'COST': 33, 'PLANT_HEALTH': 19, 'EQUIPMENT': 16}",mastodon:https://techhub.social/users/smallsolar/statuses/114700539157333772|mastodon:https://mastodon.scot/users/sp4rkr4t/statuses/109981458550439881|reddit:t3_kixl0c|mastodon:https://techhub.social/users/smallsolar/statuses/114511146211376857|reddit:t3_2tmhcq,"One of my recent projects has been creating a #solar powered #aeroponics (similar to #hydroponics) 3D printed vertical tower #garden. It uses a popular modular #3dprinted tower design where water is pumped up a central c || Building #hydroponic towers, here's what I've got printed so far, pump will take water & food up to top reservoir, trickle down inside feeding roots and back into bucket, first build will be dumb to test water flow, etc  || My take on a DIY hydroponic vertical grow tower"
34,strawberries_strawberry_plants_grow,strawberries_strawberry_plants_grow,648,0.0071,"strawberries, strawberry, plants, grow, berries, runners, growing, strawberry plants, hydroponic strawberries, fruit",0.711,"{'reddit': 332, 'gardenweb': 130, 'youtube': 127, 'mastodon': 32, 'bluesky': 14, 'lemmy': 6, 'stackexchange': 5, 'hackernews': 2}",8,505,"{'NEUTRAL': 0.336, 'AMBIGUOUS': 0.225, 'POSITIVE': 0.184, 'NEGATIVE': 0.162, 'MIXED': 0.093}",0.162,0.184,"{'PLANT_HEALTH': 51, 'KNOWLEDGE': 25, 'NUTRIENTS': 12}",youtube:UgxFrzTI-P8ezXxiYN14AaABAg|reddit:t3_1b8kjvz|reddit:t3_otjx98|reddit:t3_c1w2zf|reddit:t3_19cgpt,"Can strawberries be grown in this way? || How to Grow Hydroponic Strawberries || Strawberries Hi, can I grow strawberries kratky way? Thanks !"
