finding,customer_signal,academic_evidence,expert_evidence,overall_interpretation,confidence,insight_level
Pain point PLANT_HEALTH,"n=4754 (5.2% of 91,068); 8 platforms with ≥3; E3",none in curated set,EX001; EX004,Cross-platform customer signal with partial external support,MEDIUM-HIGH,4
Pain point NUTRIENTS,"n=1393 (1.5% of 91,068); 8 platforms with ≥3; E3",W4414415519; W4388723157,EX004; EX005,Customer + academic + expert agree,HIGH,4
Pain point PH,"n=687 (0.8% of 91,068); 8 platforms with ≥3; E3",W4412063293; W7115687377,EX002; EX003,Customer + academic + expert agree,HIGH,4
Pain point EQUIPMENT,"n=977 (1.1% of 91,068); 8 platforms with ≥3; E3",W4210357512,none,Cross-platform customer signal with partial external support,MEDIUM-HIGH,4
Pain point KNOWLEDGE,"n=1688 (1.8% of 91,068); 8 platforms with ≥3; E3",W7160388792; W4416825938; W7203544811,EX003,Customer + academic + expert agree,HIGH,4
Pain point TEMPERATURE,"n=459 (0.5% of 91,068); 8 platforms with ≥3; E3",none in curated set,EX001; EX004,Cross-platform customer signal with partial external support,MEDIUM-HIGH,4
Pain point EC_TDS,"n=439 (0.5% of 91,068); 7 platforms with ≥3; E3",W4412063293; W7115687377; W4414415519; W4388723157; W3196365168,EX002; EX003; EX004; EX005,Customer + academic + expert agree,HIGH,4
Pain point COST,"n=1925 (2.1% of 91,068); 8 platforms with ≥3; E3",W7160388792; W7124698067,EX003; EX006,Customer + academic + expert agree,HIGH,4
Pain point MEDIA,"n=340 (0.4% of 91,068); 8 platforms with ≥3; E3",W4293085516; W4385075181; W4390103616; W1985435302,none,Cross-platform customer signal with partial external support,MEDIUM-HIGH,4
Pain point WATER,"n=355 (0.4% of 91,068); 7 platforms with ≥3; E3",none in curated set,EX003,Cross-platform customer signal with partial external support,MEDIUM-HIGH,4
Pain point SETUP,"n=313 (0.3% of 91,068); 8 platforms with ≥3; E3",none in curated set,none,Customer signal only (cross-platform),MEDIUM,3
Pain point AUTOMATION,"n=511 (0.6% of 91,068); 8 platforms with ≥3; E3",W4210357512; W4416825938,EX005,Customer + academic + expert agree,HIGH,4
Pain point OXYGEN,"n=242 (0.3% of 91,068); 5 platforms with ≥3; E3",none in curated set,EX001; EX004,Cross-platform customer signal with partial external support,MEDIUM-HIGH,4
Pain point SENSOR,"n=113 (0.1% of 91,068); 5 platforms with ≥3; E3",W4210357512; W4388723157,EX002; EX005,Customer + academic + expert agree,HIGH,4
Pain point SOFTWARE,"n=92 (0.1% of 91,068); 6 platforms with ≥3; E3",W4412063293,EX006; EX007,Customer + academic + expert agree,HIGH,4
Pain point SUSTAINABILITY,"n=220 (0.2% of 91,068); 7 platforms with ≥3; E3",W4388723157; W4416825938; W4293085516; W4390103616; W1985435302,none,Cross-platform customer signal with partial external support,MEDIUM-HIGH,4
Pain point TIME,"n=95 (0.1% of 91,068); 4 platforms with ≥3; E3",W7115687377,none,Cross-platform customer signal with partial external support,MEDIUM-HIGH,4
Pain point LIGHT,"n=84 (0.1% of 91,068); 6 platforms with ≥3; E3",none in curated set,EX003; EX004,Cross-platform customer signal with partial external support,MEDIUM-HIGH,4
Pain point SUPPORT,"n=31 (0.0% of 91,068); 3 platforms with ≥3; E3",W7203544811,EX006; EX007,Customer + academic + expert agree,HIGH,4
Pain point AI,"n=22 (0.0% of 91,068); 4 platforms with ≥3; E3",none in curated set,none,Customer signal only (cross-platform),MEDIUM,3
Pain point SPACE,"n=9 (0.0% of 91,068); 2 platforms with ≥3; E3",W7160388792,none,Cross-platform customer signal with partial external support,MEDIUM-HIGH,4
pH/TDS-EC monitoring is a wanted capability,"EXPLICIT_REQUEST for ph_monitoring and tds_ec_monitoring (≥6 platforms); PH+EC_TDS+NUTRIENTS pains ~2.5k (see feature_demand.csv, pain_point_summary.csv)",W4412063293; W4210357512; W7115687377; W4414415519,EX002 (UKY weekly pH/EC monitoring); EX003 (Illinois weekly testing); EX005 (UF limits of EC dosing),Customer + academic + expert agree that pH/EC management matters; experts warn sensors alone are insufficient.,HIGH,4
Bagasse growing media is customer-relevant,18 customer-voice mentions of ~91k; bagasse discourse mostly tableware/energy (analysis_results.json → bagasse_discourse),W4293085516; W4385075181; W4390103616 (analogues only),none,No customer salience; technical feasibility only by analogy.,HIGH (that salience is low),1
Sustainability is a purchase driver,Positive sustainability <1% of voice; 11% of purchase-signal records vs 33% price (hypothesis_metrics.json H07),W4388723157 (higher energy use); W4416825938 (sustainability awareness predicts adoption among millennial farmers),none,"Customer and academic evidence conflict: academic adoption models include sustainability awareness, but public discourse rarely voices it. Investigate in primary research.",MEDIUM,2
Beginners need structured education/community,"education EXPLICIT_REQUEST (~230, 8 platforms); KNOWLEDGE pain top-5; gratitude/learning topics dominate Indonesian YouTube",W7203544811 (Edufarming diffusion); W7160388792 (inadequate technical knowledge constrains adoption),"EX003 (Illinois: start simple, lettuce first)",Customer + academic + expert agree.,HIGH,4
Tropical heat/rain is a distinct Indonesian friction,"Topic 'Heat, rain & water temperature (tropical)'; TEMPERATURE pain 0.35% of ID vs 0.58% non-ID records",W4414415519 (tropical EC); W4412063293 (Jakarta),EX001 (CSU root-zone temperature); EX004 (Missouri: DO falls as temperature rises),Expert evidence strong; customer topic present but rule-based TEMPERATURE pain counts are modest — salience moderate.,MEDIUM,3
Cost/DIY substitution limits kit pricing,COST pain #2 by frequency; cheap language 2.3k vs premium 0.5k; PRICE_OVER_FEATURES on 7 platforms,W7124698067 (high setup cost barrier); W7160388792 (financial barriers),EX003 (DIY passive systems economical vs kits),Customer + academic + expert agree that cost is a barrier.,HIGH,4
