record_id,platform,duplicate_status,duplicate_reason,duplicate_cluster_id,text_model
youtube:UgxTjjuLR2aXiEkOHlJ4AaABAg,youtube,duplicate,exact,dc_438ced935a93,Bagus sekali sangat menginspirasi
youtube:Ugx5jXE5sJG70MbY47l4AaABAg,youtube,duplicate,normalized_exact,dc_888b2ca35f37,Izin save bang Jazakumullah Khairan 🤲🏻
youtube:UgxhuLfNYpw1VOaJqw54AaABAg,youtube,duplicate,normalized_exact,dc_ccbb85af1400,Terima kasih infonya
youtube:UgxzSlzt-8_KbaINIn14AaABAg.AZRm9MSP0xjAZRpo29_Jyt,youtube,duplicate,normalized_exact,dc_f9400559660d,"Sama"" kak semoga bermanfaat 😊😊"
reddit:t3_j2d31r,reddit,duplicate,normalized_exact,dc_99dfb21117d0,What’s wrong with my peppers?
youtube:Ugy_k6aujAiGd_wKTCB4AaABAg,youtube,duplicate,normalized_exact,dc_cdbcd98bb5db,Sangat bermanfaat ilmunya
youtube:UgwnULxHOEIpg86SxP54AaABAg.9JXSw9EeQzj9JXl_74_Jc-,youtube,duplicate,normalized_exact,dc_05a1d431f7b1,@dieteamsus4356 samasama kak
bluesky:at://did:plc:4xhmehz5zokyl44jfjgevqzt/app.bsky.feed.post/3lvo247oune2a,bluesky,duplicate,exact,dc_9a33f339bee0,Apakah Bisa Membuat Hidroponik Sederhana di Rumah? Ini Jawabannya -
youtube:UgxvbySpS62iEsVFbvJ4AaABAg.9HNOJbauBAf9HNOSAjK003,youtube,duplicate,exact,dc_2f4941b920f3,भगवान राम के ही आसरे-के ही सहारे–भगवन कृष्ण के ही आसरे—के ही सहारे।
youtube:Ugz0Lusgb_2riGpLsb54AaABAg.AHgxKrVEXcTAIs9wuLKGL5,youtube,duplicate,normalized_exact,dc_03f881fc06cf,​@Evaisgardenusernya sama kak?
youtube:Ugw4bGWoxReInwO1gox4AaABAg,youtube,duplicate,exact,dc_565631f3ad45,Eve sir keep safe more power godbless
youtube:UgzTrzanVW2uOLvBuC14AaABAg,youtube,duplicate,normalized_exact,dc_c3b79928d24d,Terima kasih ilmunya bang
reddit:t3_36h6go,reddit,duplicate,exact,dc_b66b4a7eb6da,Most Unique Hydro Grow Cabinets
youtube:UgxQeIPY5Mj4qfnPxZB4AaABAg,youtube,duplicate,normalized_exact,dc_ce9eeee738e5,Sangat menginspirasi
youtube:UgwxmjUaJGET3bQySKR4AaABAg.9HX5ICZFSnA9HX6WuRQgMy,youtube,duplicate,exact,dc_4f0cbc6f871a,Mungkin beda merk
youtube:UgzWtl99o7sCp0x2_sh4AaABAg,youtube,duplicate,normalized_exact,dc_8e19f924916e,terimakasih ilmunya
reddit:t3_54rlgq,reddit,duplicate,normalized_exact,dc_d9a2925e6907,"End of Season questions I live in Pennsylvania, and the evenings are starting to get chilly. I grow dutch bucket tomatoes out doors and am wondering a few things. Should I scale back nutrients now that the plants wont be growing/blooming? Should the watering cycle remain also? I currently do about 30 mins 3x/day. I have a lot of green tomatoes left on - should I try and ripen them in a window sill or will that even ripen most of them? Should I just bite the bullet and make a bunch of fried green tomatoes?"
youtube:UgzF16ymd-fOSrxOuF14AaABAg.AMMcqVpwEn7AMjJeEE7AHZ,youtube,duplicate,normalized_exact,dc_92b56535865d,Semangat berkebunnn ☺️
lemmy:https://slrpnk.net/comment/21777842,lemmy,near_duplicate,minhash_near_duplicate,dc_d7de9be7d2cf,"How to build up a movement toward a better world: ::: spoiler Part 1: The big picture 🖼️ The protests are good ways of meeting like-minded people in your community to form connections, as well as spreading awareness of local mutual aid groups so more can join or form ICE resistance groups who can join an encrypted chat to coordinate, alert neighbors, and talk strategy. It also is a good place for unions or union members to encourage others to unionize their workplaces, which can also ultimately work toward a national general strike, which is our most tangible and powerful collective action. The country would be brought to its knees if suddenly deprived of profit and labor, allowing us to directly demand real changes (such as ending the war in Iran, ceasing support for the genocide of Palestine, and Abolishing ICE). The General Strike [was extremely effective in Chile in 2019]( and had they not fallen for the trick of liberal reform, they would've had a successful revolution on their hands with virtually no bloodshed. There are some concrete steps all of us can take toward enacting that hard-core general strike to make it more viable and bearable for us all. (the titles below expand if you click them). ::: ::: spoiler Part 2: Learn First Aid ⛑️ Violence is being used against those who resist and it will only continue. It extremely important to have the skills to be able to keep yourself and others alive if they get hurt. Tacticool Girlfriend provides a [great introduction to building a personal first aid kit]( called an IFAK, which can deal with things like bullet wounds and other serious bleeding wounds. I also want to emphasize her recommendation of only buying medical gear from reputable sources (not Amazon!), such as [North American Rescue]( to avoid fakes that could cost you your life. But you'll need to learn how to use that equipment, too. The best resource for that is to take a local [Stop The Bleed class]( which are pretty widely available in most places. They may cost a small fee, but can also sometimes be free. Alternatively, if you cannot access a local class, [this video by PrepMedic]( will give you a solid understanding of how to use Tourniquets and Gauze for wound packing. Injuries are less harmful if they are tended to early. Learning first aid can help conserve resources when healthcare becomes unaffordable. Having several medics in case of harm by police is an extremely powerful morale booster during a protest that may become a police riot. When you become comfortable with the basics of first aid, [riot medicine]( is the next suggested step. ::: ::: spoiler Part 3: Establish or join local Mutual Aid networks ✊ If you haven't already, get to know your neighbors. Mutual aid is a willingness to support and grow your community. This can include informal networks through friends, tenant/renter organizations, solidarity groups, and industrial unions. These are groups using direct action to solve each other's problems. Building strong communities makes it difficult for fascism to take root. The actions of the government are going to hit every community hard, and the ones who build trust in each other and work together are most likely to survive. We've been building a list of resources in !inperson@slrpnk.net to help you on your way. Also check out [this handy guide]( to find existing groups in your area. This isn't only for your own community protection. Your ability to organize today will change the political landscape tomorrow. When revolution occurs, the social organizations that show the greatest resilience through the regime are the ones typically calling the shots when the dust settles. When it comes to elections, get out the vote drives are useless if most of the voters are fascists. At some point, you have to do grassroots political education if you don't want fascist candidates winning elections. Mutual aid networks are excellent forums not only for teaching each other good political ideas, but demonstrating them in practice. There's also some projects you can do that help build community (and can be fun in themselves!), for more info, [go here]( and scroll down to the ""Fun Projects to Build Community) section"" ::: ::: spoiler Part 4: Join a Union to help prepare for a General Strike 💪 If you aren't in a union (or even if you are, it's[ worth dual-carding]( consider joining the IWW to unionize your workplace (bonus: you'll get higher wages, better benefits, and more time off if you succeed!) to make a general strike possible. Once you are in a union you and your coworkers will need to pressure your leadership to prepare for a general strike, as well as pressure them to organize with other unions to enact a general strike. This is especially true if you are in a more traditional union that isn't the IWW. Your local shop may need to organize directly with other unions if your union leaders are too cowardly to do so. Most unions have a strike fund that can supplement your income during a general strike to make it more financially bearable (you should also save as much money as you can reasonably do, so it can also be used to keep yourself afloat during a strike). A General Strike is officially planned by the [UAW for May 1st 2028]( but it was planned before Trump was elected, and by then will be too late, so prepare now for one that may start sooner. You can contact the IWW with the link below: * 🌍 **US/Global:** [IWW]( ([Français]( - ([Español]( And for our international friends, you should join one as well, as fascism is gaining momentum globally. If your country isn't listed below, just contact the IWW directly in the link above, and they'll help you set up a new local branch. * 🇦🇷 **Argentina:** [FORA]( * 🇦🇺 **Australia:** [ASF-IWA]( * 🇧🇷 **Brazil:** [FOB]( * 🇧🇬 **Bulgaria:** [ARS]( [CITUB]( * 🇩🇪 **Germany:** [FAU]( * 🇬🇷 **Greece:** [ESE]( * 🇮🇹 **Italy:** [USI]( * 🇮🇪 **Ireland:** [IWW Ireland]( * 🇳🇱 🇧🇪 **Netherlands & Belgium:** [Vriji Bond]( * 🇪🇸 **Spain:** [CNT]( * 🇸🇪 **Sweden:** [SAC]( * 🇬🇧 **United Kingdom:** [UVW]( ::: ::: spoiler Part 5: Adopt Security Culture and Digital Camouflage 🛡️ Sometimes benign seeming efforts can turn into unexpected personal data collecting traps. Like an obscure website for exchanging contact info with other students turning into a global ad-tech surveillance network (Facebook), or innocent seeming online personality tests being use to harvest character profiles. Even Etsy, Reddit, Tinder, and Duolingo are [feeding information to US Government Agencies like ICE.]( Security culture is commonly used to describe the general awareness of such potential traps and how it can affect groups or entire communities. This goes beyond mere [individual privacy efforts]( as without joint efforts these often fail to work. Especially in activist circles, security culture is paramount. For [opsec]( reasons not everyone in the group might be aware of what clandestine efforts others are involved in, but with a general security culture many potential data leaks can be avoided. Movements are made by the volume of their participants, and the easier and less dangerous it is to participate, the more people will get involved. As more people get involved, individual involvement becomes even less dangerous, creating a virtuous cycle. We'll start it off with some General Advice: * Mentally wall off personal uniquely identifying info from your online presence, actively build a habit of opsec so that withholding information is your **default** mental state * Be careful about who you meet online * Use different, unrelated usernames, passwords & emails for every account. And try not to connect to those accounts with your real IP address (use Tor or a VPN) * Be mindful that anything done online leaves a trail * agents provocateurs may seek to find patsies willing to perform an ill-advised illegal activity in order to legitimize police repression. If someone is trying to pressure you, especially if you don't have a long and proven history with them, be extremely wary. For a full guide on what encrypted communications platforms to use, and how to stay off the radar, read the [Digital Camouflage section within the Monthly Meta post here]( (you'll need to scroll down. I'd add it here, but it won't fit in this comment). ::: I'd also highly recommend [Full Spectrum Resistance]( to anyone who wants further info on how to resist ([audiobook version here]("
youtube:UgxQKbTwlECgzl7f7BZ4AaABAg,youtube,duplicate,normalized_exact,dc_ad2eaf1e7cfa,BE YOURSELF AND NEVER SURRENDER
reddit:t3_1byzgu7,reddit,duplicate,exact,dc_bb9b735963b7,"Understanding Crop Steering Principles - The Basics To Healthier Plants I just wrote an in-depth article discussing basic in crop steering principles. But so that you don’t have to read the whole article, here are the key points: * **Light Spectrum and Photoperiod:** Light is one of the most critical environmental factors influencing plant growth. By controlling light spectrum and photoperiod, cultivators can manipulate plant development to suit their cultivation goals. * **Temperature and Humidity:** Cultivators can use insulation materials, ventilation systems, and climate control devices to regulate temperature and humidity in the growing environment. By preventing temperature fluctuations and excessive humidity levels, cultivators can create a stable growing environment conducive to healthy plant growth. * **Water Management and Irrigation:** Proper irrigation involves delivering the right amount of water at the right time to meet the plant's needs without causing stress or root suffocation. Various irrigation methods, such as drip irrigation, flood irrigation, and hydroponics, can be employed to efficiently deliver water and nutrients to plants while minimizing water wastage and nutrient runoff. The full article covers basics such as light spectrum and photoperiod, environment conditions, and water manager/irrigation, and much more. Will go into much more detail on each topic later. Thanks for reading!"
youtube:Ugyji-3gILjM18Tk6KN4AaABAg.AE15M23qcqyAE1SGBGhlDe,youtube,duplicate,normalized_exact,dc_844347e54f00,@Natty-wi6ci thank you 👍
hackernews:43468876,hackernews,duplicate,exact,dc_0236b5c6d898,Vertical farming company Plenty files for bankruptcy after raising nearly $1B
reddit:t3_11qv6m2,reddit,duplicate,exact,dc_75e73a39f8cc,How practical and efficient is this Hydroponics Grow Box for indoor growing?
youtube:UgzKK8kKCegtoL11JnJ4AaABAg.ACnWou-Ktd-AD72QlkiB7n,youtube,duplicate,normalized_exact,dc_844347e54f00,@kittin9018 Thank you .
reddit:t3_1py84t9,reddit,duplicate,exact,dc_74eb2dec94c7,[image processing failed]
youtube:UgweJOi7foTI2ldw9_N4AaABAg.A0ar8CBNtdxA0arAg1oMOH,youtube,duplicate,normalized_exact,dc_5b67777506a4,Gimana hasilnya
reddit:t3_1wwce2i,reddit,duplicate,normalized_exact,dc_989ab2bc8dff,Amazing results! My 2.1-meter Kratky cucumber plant is thriving in an 18L bucket with zero pumps
youtube:UgxNhQ4V4Z0yjFuJsud4AaABAg.ASefhaIrGZGAWiqn9rxGXu,youtube,duplicate,normalized_exact,dc_5c13e9023a06,Terima kasih apresiasinya
lemmy:https://lemm.ee/post/17548455,lemmy,duplicate,exact,dc_b8625c61878f,"The Future of Man Link to the original message: Message received: 27NOV2020 Important addendum added 25OCT2021 as noted below. Banned YouTube video added to website on 30NOV2021 – go to the video page link to review the removed video if you wish – click here. We wish to say that humanity is moving into a new phase. On one hand, we have the natural progression we call Ascension, and on the other hand, we have this virus created and released on humanity by the evil ones. The reason for this is to reduce the world’s population and also to deny forever the freedoms that all mankind is entitled to. The world will never be the same again. This virus cannot be eliminated. It has been designed with great care so that, in the case of a vaccine being developed, it mutates to a new form. So, this virus will plague humanity forever into the future. But all is not lost. The positive effect of Ascension will allow humanity to develop and change. With the help of the Directors of Life, a new species of man will be introduced that can cope and resist this virus. In the present time, unfortunately, the weak and infirm will die, thus shortening the life expectancy of humanity. Young people will be encouraged to accept the limitations of freedom that old people knew. But that generation (the old people) will, to a great extent, be eliminated by the virus. So, a new way of life will be introduced where individual freedoms will no longer be accepted and punitive steps taken to put a stop to anyone who tries to express freedom. The idea is to create a world of slave’s, accepting without question the limitations put on freedom of expression. Ascension, in the long term, will put a stop to this folly, but that will be long into the future. In the meantime, more and more restrictions on freedom of movement, freedom of expression, and liberty will gradually come into place, the excuse given being that, as this virus mutates, so it affects more and more people and thus, to prevent the spread of it, loss of liberty must be introduced, overseen by a universal body who will regularly shutdown entertainment outside of the house and allow people only to shop using the internet, and delivery of groceries and goods will be delivered to the door by special couriers using specially adapted vans equipped with filters to keep out the virus. There will be a gradual shutdown of all outdoor activities and anyone found being abroad will be suitably punished. Workers will be forced to find work close to home and will have to wear special clothing as used in hospitals. All homes will be equipped with filter systems providing oxygen, mixed to produce the same atoms as clean air, which will be delivered to homes in metal containers rather like oxygen is stored in metal bottles used in welding plants. Outside air will be kept out of homes. This system, which seems impossible to produce and introduce now, will be gladly accepted as more and more people succumb to the virus. Old or inadaptable houses will be demolished and a new style of simple rectangular block houses will be introduced and people will be forced to live in them, many people not being allowed to leave them. Everything needed will be delivered by special courier. Of course, as the places that people normally go to now; the seaside, parks, restaurants, and so on will be empty of humanity, only a chosen elite will enjoy these places. These chosen people will have had a vaccine injected in them that will not be available to the general public, and as the virus mutates, so new vaccines will be introduced, available only to the chosen few. This is the fate that awaits humanity from now on and for a long number of years. Eventually, people will revolt and there will be a revolution when the public realizes the trick that has been played on them, a trick to enable the elite to appreciate freedom, while the public is locked in their concrete houses. We are sorry to announce this, but the public has the right to know. Forewarned is forearmed. 25OCT2021 Addendum: We have looked into the future, as far as we can see down timelines, and will tell you what we have seen. There is no point in trying to describe the situations regarding individual countries and individual populations. That would be too time-consuming and too uninteresting for the other populations waiting for information concerning them. We will consider the global movement into the future. Now, you may be aware that there are forces – humans, working with evil entities – that have and are doing their best to manipulate world events to their advantage. One of the things that they are trying to do is to turn the clock back, so to speak, so that there are fewer humans, and those that there are, are reduced to a state of serfdom so that only the chosen few – the rich and powerful – have any real freedom while the rest of the population can only act in a way that this chosen few permits. This was a state that existed in large parts of the world in the past. Indeed, this state already exists in many countries to this day. In countries where so-called freedom exists, this element that I refer to as the chosen few object to having to share shops, parks, beaches, holiday resorts, and so on with the common folk, previously referred to as the great unwashed, and so steps have been taken to reduce civil liberties. As all are aware, a virus has been released, the design being in part to reduce the population by deaths, in part to introduce sterilization which will reduce the world’s population and also to instigate loss of civil liberties – freedom of movement and action. Vaccines have been created which seem to act in opposition to the virus, but time will show (a) the virus will mutate making injections ineffective, and (b) elements within the vaccines will cause considerable harm to the world’s population. We have warned people about the dangers of both the virus and its cure and have pointed out the timeline hoped for by the chosen few. Anyway, what does the future hold for you? I am sorry to say that this virus will change everything. Your life will never be quite the same – at least for a considerable time. I do not want to sound pessimistic because life will go on, but it will not be the same. You will never, in the short term, regain the freedoms that you had and that should be your birthright. Of course, future generations, after a long struggle, will regain freedom, as the pendulum of progress swings fully into the positive aspects, but in the short term, the timeline created by the evil ones will push you all into a somewhat dark age. I don’t want to get too dramatic but you and your children – those that can have children – will be obliged to live by strict rules that will restrain your freedoms to travel as you wish. The virus will be kept as virulent as possible in order to reduce populations, and toxins within the vaccines will restrict the number of people allowed to produce children. That is why you already have a number of different vaccines and they are reserved for people of different ages Vaccines given to young people contain toxins that will sterilize either men or women while vaccines for the elderly contain microchips designed to reduce their life expectancy. Children cost governments money: schools, teachers, technicians, cleaners, school meals, money given to parents for child support, health care, and so on. The elderly are expensive due to pensions, doctors bills, medication, hospitalization, retirement homes, and general care. So, you can see that if there were fewer children and fewer elderly, governments could save a fortune. Of course, it would seem that if there are fewer people, there would be fewer workers paying taxes, but in the future, machines will do the work and the taxes from their creations will provide governments with money. The whole system will change. The common folk, the great unwashed as Edward Bulwer-Lytton called them, will no longer be needed. However, nothing lasts forever. Change is the only constant. The Directors of Life, in conjunction with God’s archangels, are already producing children who will be immune to the effects of these viruses and the vaccines. These children will grow to adulthood and will defy the chosen ones and will defeat them. But, in the immediate, Draconian measures will be implemented to restrict, not only the population growth but freedom of movement. Of course, the chosen ones will be given injections not containing toxins and so they will be free to live and to enjoy life as they want not being bothered by the common folk. So, in the short term, life looks bleak but it will not last. The angels will combat evil and will overcome it. So, without going into too much detail, I have described what is in store for you in broad terms. But, do not worry. By practicing meditation, prayer to God thanking Him for His blessings, and helping all life as and when appropriate, you can draw angels to you who will protect you from harm. As I just said, future generations will be born immune from all this evil, and helped by the positive swing of the pendulum of change, life will become wonderful. So, do what you can. Grin and bear the swings and arrows of outrageous fortune and you will come out on top. I am sorry that I had to present this rather gloomy picture to you but it is better to know the truth than to be kept in the dark."
reddit:t3_17ixvt2,reddit,duplicate,exact,dc_37402b73277e,"Last tent group picture before I split them up. Tomatoes are going out today, chilies get another week in the tent."
reddit:t3_lcj44l,reddit,duplicate,exact,dc_b6c2a2481cce,hydroponic pumpkin grow -- any advice? (probably should have used an air stone)
youtube:Ugy1eyeX4MnpehBHyg14AaABAg.A_TpdZm5qsyAbHv3TMY2_0,youtube,duplicate,exact,dc_c61e5bb30ec5,pertanyaan yg sama
youtube:UgwcXn6N7jmcJlODIK14AaABAg.AWE8IVF3WqGAWImQZe7bZV,youtube,duplicate,exact,dc_8e57dc4e37b6,Di online banyak
reddit:t3_oiav22,reddit,duplicate,exact,dc_da779497105b,Are you planning to grow lettuce indoors hydroponically? Lettuce is the world’s highest demanding leafy greens! Growing and selling lettuce is a great business plan for hydroponics enthusiasts! Here is the complete guide you need!
bluesky:at://did:plc:53e7awtdposceiors3ltjrlv/app.bsky.feed.post/3mulmtxpsx22z,bluesky,duplicate,exact,dc_52edf3451dfd,github.com/NachtRaveVL/...
youtube:Ugzxl6IcsfUB2ApRN594AaABAg.AEIGOd1g3iKAERFf3__0VS,youtube,near_duplicate,minhash_near_duplicate,dc_mh_135300,@shuannlewis2216 Thank you! God bless you
youtube:Ugyh556dREyJYHTmbYp4AaABAg.AWMDDd5nQpbAWhCjwR51dC,youtube,duplicate,normalized_exact,dc_b75c115548b8,Glad you enjoyed the video! :)
youtube:UgxYvkzNVEQWRitmZ9N4AaABAg.9qzw0hbcb6H9r7IyqG_VCQ,youtube,duplicate,normalized_exact,dc_925fabea6000,Many many thanks
reddit:t3_c2d8ur,reddit,duplicate,normalized_exact,dc_cf2e4fc9e53a,Green bean semi hydro update - these guys grow fast.
youtube:Ugw-iPzHsNtycJJeMLR4AaABAg.AI_suKVczQqAIhh3lIeE6O,youtube,duplicate,normalized_exact,dc_e3b0c44298fc,@auliataiwan9945Aamiin
reddit:t3_1q0nx2s,reddit,duplicate,exact,dc_efdd1b2cdca2,White truffle week 8 flower
youtube:UgySPKmXDa53skDG_n94AaABAg.A_Yv2Wb5jUzA__EkQTsCzr,youtube,duplicate,normalized_exact,dc_2d694052cee3,Sama sama kak semoga bermanfaat 😊😊
youtube:Ugz4Lp1bQRLhnw32R8R4AaABAg.A2Y4ZLK1lUaAGPq6-MZG3I,youtube,duplicate,normalized_exact,dc_e82c5acab602,@gwynethrafallo2142 Get Your FREE Hydroponics Starter Guide here👇
youtube:Ugy3o1iiwtN1R3nxr654AaABAg.9rx_IeMSZCa9ryJDk93cwZ,youtube,duplicate,normalized_exact,dc_f35b24cbbbe7,Thank you so much 😊
youtube:UgwvFdCfaaLL5sb6zyR4AaABAg,youtube,duplicate,normalized_exact,dc_ccbb85af1400,Terima kasih infonya
youtube:UgxfeEFp1rmXnODqgAh4AaABAg,youtube,duplicate,exact,dc_28ace7813d4c,"""Videonya menenangkan dan informatif. Terima kasih sudah berbagi ilmu dan keindahan kebun sayurnya. Ditunggu konten selanjutnya!"""
reddit:t3_zrnigo,reddit,duplicate,exact,dc_d8aff9180062,Ethereum Name Service ($ENS) is Airdropping Tokens worth up to 5000$ for the first 1000 People To Claim it.
reddit:t3_py73rj,reddit,duplicate,exact,dc_f4627714de35,[deleted by user]
youtube:Ugw9N8FFxOBcpAESIeh4AaABAg.AYLKnLsfEjcAYLWLWdJ_RW,youtube,duplicate,normalized_exact,dc_bc8fe8fd0954,"Boleh kak silahkan,,😊😊"
hackernews:15601930,hackernews,duplicate,normalized_exact,dc_d0115254977c,"Allbirds ( | Several positions | San Francisco, CA | Full-time, Onsite | Competitive Pay + EquityAt Allbirds, we’re on a mission to prove that comfort, good design and sustainability don’t have to be mutually exclusive for shoes. We are building out our technology team to tackle a variety of challenging problems as we try to keep up with our explosive growth. As a direct-to-consumer product company with a loyal customer base, we need your help to make our omni-channel mobile, web, and retail experiences as delightful as our world-renowned shoes. We also must turn our data into a strategic asset by significantly investing in our data capabilities. If that sounds exciting, come join us! Here are our open roles (click for more details): Senior Software Engineer (Full Stack), Software Engineer Level 2 (Front End), Senior Software Engineer (Front End), Staff Software Engineer (Front End), Senior Software Engineer (Data), Staff Software Engineer (Data) Benefits & Perks: - Bonuses - 401K match - Free lunch on Thursdays - Gym membership (we take health seriously) - Free shoes - 40 hour weeks (we value work/life balance) - Friendly and diverse startup atmosphere If you are interested submit your resume to the job posts here: It will come directly to me. Cheers!"
youtube:UgxPaN3h-M8NYKKZ1cp4AaABAg,youtube,duplicate,normalized_exact,dc_bdcc7aebded8,Trimakasih ilmunya.
mastodon:https://vive.im/users/afg/statuses/116795702353064719,mastodon,near_duplicate,minhash_near_duplicate,dc_mh_28629,Got roots ? #hydro #HydroponicGardening #hydroponics
youtube:UgzChdu2Yt_A7TlsB7N4AaABAg.9bfNI6wEsQH9bj3cT5k1bd,youtube,duplicate,normalized_exact,dc_f0f2cf0e0df2,@hidroponikbone8546 makasih
youtube:Ugz4_7xYuaKP8EeMajp4AaABAg,youtube,near_duplicate,minhash_near_duplicate,dc_mh_57449,Hi! Does this make your electricity bill skyrocket?🤔
lemmy:https://ibbit.at/post/158806,lemmy,duplicate,normalized_exact,dc_69c35cebf653,"New York Women’s Prison Forces People to Go Without Showers or Recreation Screams echoed through the halls of Bedford Hills Correctional Facility as women begged for their solitude to end. The sound of desperate hands banging on cell doors rang out like a solemn chorus. Exhausted, an incarcerated woman named Cici Herrera reached for a book. “That’s the only way I can keep myself from thinking too much,” she said. “I’m going crazy.” At Bedford Hills, a maximum-security women’s prison in Westchester County, New York, a new superintendent and a recent policy change have sharply restricted the limited freedom incarcerated people in the general population once enjoyed. They could no longer count on regular showers — times were limited to tightly controlled shifts — and indoor recreation was eliminated even on the coldest days of the New York winter. The women found themselves locked inside of their single cells for the majority of the day, in conditions detention experts and survivors of solitary confinement compared to solitary confinement. “Nothing is consistent,” said Herrera, one of three people incarcerated at Bedford who told The Intercept about the conditions. “We have to scream for everything.” The conditions likely violate state law, according to multiple detention experts, all of whom have spoken with people incarcerated at Bedford. The new restrictions put the women in the middle of a political battle between activists who fought to place restrictions on the use of solitary and prison guards who have protested their implementation. New York’s Humane Alternatives to Long-Term Solitary Confinement Act, or the HALT Act for short, limits the amount of time an incarcerated person can be forced to stay in their cell and when a prison guard can put a person in solitary, taking into account the punishment’s severe harm to physical and mental health. Researchers have found that solitary confinement increases the risks of premature death both during [and after incarceration]( from deaths of despair like opioid overdoses and suicide. > “We have to scream for everything.” “People should be receiving at least a minimum... seven hours out of cell time under the HALT Act,” said Sumeet Sharma, director of policy and communications at the Correctional Association of New York. Most people at Bedford previously had some freedom of movement to access communal spaces, shower, and cook. But when his team conducted a two-day monitoring visit at Bedford in November, they found that “that’s just not happening anymore,” Sharma said. “Essentially, people are locked in.” The New York Department of Corrections and Community Supervision has denied these accusations. “The allegations regarding recent operational changes at Bedford Hills Correctional Facility are inaccurate and misleading,” wrote Nicole March, a spokesperson for the New York Department of Corrections and Community Supervision, in a statement to The Intercept. March said the changes were implemented to deal with “frequent fights and safety concerns” at Bedford Hills. March added that many facilities still lack adequate staffing due to an unauthorized prison guard strike in spring of 2025, but that “HALT programming is now fully operational in the overwhelming majority of facilities and, with respect to Bedford Hill, it has been for several months.” That compliance appears to exist “on paper,” said Sharma, whose team confirmed that people in the general population units had lost access to communal indoor recreation space and now had to sign up to leave their cells after speaking with prison guards, officials, and incarcerated people. A written copy of the policy reviewed by The Intercept also noted the restrictions on recreation. “In practice,” Sharma said, even when people sign up to leave their cells, “they’re not getting the statutory amount out of cell time. That appears to be a violation of the HALT Act.” Corrections officers in New York have long been resistant to implementing HALT. Thousands of guards went on a [wildcat strike]( last year after a group of corrections officers was charged with murder for brutally beating and killing an incarcerated man named [Robert Brooks]( In addition to [protesting accountability for Brooks’s killers, the guards demanded that HALT be repealed]( They argue the law places an undue burden on them by making it harder to put people in solitary confinement, either as a punishment or a safety tool. Although the guards didn’t get their wish, advocates who helped get the law passed said New York corrections officers and prison officials are still refusing to implement the limits on solitary confinement and mandatory out-of-cell time throughout the system. “The legislation is not being adhered to” by administrators at Bedford, said Donna Hylton, an activist who was incarcerated at Bedford Hills for 27 years and campaigned to get the law passed. Herrera said she’s especially worried for the women who are too old or sick to use the outdoor recreation space in winter. “You put somebody, 24 hours, in one cell with four walls, it’s a lot to take,” she said. “Mentally, some people can’t handle this kind of situation.” All three people incarcerated at Bedford who spoke to The Intercept characterized their treatment at the hands of the guards as vindictive, reflecting a conviction that incarcerated people deserve additional punishment beyond their imprisonment. Herrera and two other people incarcerated at Bedford got in touch with The Intercept via the Fight 2 Live Relief Fund, a New York abolitionist organization that has been advocating for better conditions at Bedford. An incarcerated woman named Kit, who requested anonymity because she feared retaliation from prison officials and guards, said she’d heard guards call incarcerated women “entitled, needy, [having] ‘princess syndrome.’ It’s that mentality that, oh, this isn’t hard enough for these women.” “That is where these policies are coming from — not from a desire to make the facility safer or to operate better,” Kit said, “but this sick and twisted sense of entertainment and satisfaction out of the pain and the stress of incarcerated individuals who are affected by these policies.” [![]( ## Related ### Sexual Assault Allegation Exposes Self-Policing Prison System]( Thomas Gant, a formerly incarcerated activist and organizer with the Center for Community Alternatives who is in communication with people inside of Bedford, characterized the situation at the prison as the combined result of policy changes and retaliation from guards taking their anger out on incarcerated people. Many guards remain dissatisfied with the end result of the strike, after which Gov. Kathy Hochul [fired thousands of officers]( in an already-understaffed system and [increased surveillance]( “The relation is, we’re just going to make you guys’ lives as miserable as possible,” he said. “[Their] way of getting at you back is to say, ‘Hey, there’s staff shortages, so you guys can’t go to the yard, or, you know, you can’t have this visit, or I got a longer time to get you down to the visit.’ These are just all retaliatory tactics, all because correction officers now have a semblance of being held accountable.” The New York State Correctional Officers & Police Benevolent Association, which represents the guards, declined to comment. Chloe Aquart, a senior program manager at the Center for Justice Innovation, said the culture of “secondary punishment” among prison guards is widespread at U.S. prisons. “That’s kind of how we operate in the United States,” she said. “So prison isn’t enough. The treatment in prison has to be an additional punishment, beyond taking you away from your family, taking you away from your community, stripping your rights.” The “most concerning” change at Bedford, said Sharma, “was that you had women in general population units who weren’t able to take a shower.” Instead, he said that women were given the option to use a bucket to bathe if they were unable to get a shower slot for the day. “So someone would have the same bucket ... that they’re using to store some things in, or if someone is menstruating, that bucket is used to dispose of bodily fluids and bodily material. So that same bucket is essentially being refilled before that and then given to people for getting them to wash themselves,” he said. The limited showers have also affected people whose religious practices require bathing before worship. “As a Muslim,” wrote Nur, an incarcerated transgender man who wanted to remain anonymous to prevent retaliation from prison officials, in a letter to The Intercept. “It is required to perform ablution (cleansing) before prayer.” Even if you can get a shower slot, that doesn’t mean staff will actually let you out at the intended time, Nur wrote. “They are not letting people out of their cells at their allotted time,” wrote Nur. “Incarcerated individuals are losing patience, resulting in screaming and banging on the cell door to obtain the attention of the security staff. Sadly, we are ignored.” DOCCS denied the allegations of inadequate shower time and lack of religious accommodations, but confirmed that showers are limited to specific time slots. “Shower access has not been eliminated or limited. Available daily time slots begin at 8:45am and end at 9:30pm,” wrote March in an email. “Additionally, hot water is delivered to every incarcerated individual at around 6:00am. Individuals often use this hot water to wash their faces or take quick sponge baths.” Herrera had spent the last four years of her life behind Bedford’s iron gates, but she said things have gotten steadily worse since October, when a new deputy superintendent arrived named Michael Blot. Sharma and two other advocates in New York also pointed to Blot’s role in the changes. The new policy on out-of-cell time “seems to be a decision that was made by a new Deputy Superintendent who came to the prison in the fall last year after a stint at Sing Sing,” said Sharma, referring to a maximum-security men’s prison further upstate. F2L began a [letter-writing campaign]( to DOCCS in November asking for Blot to be fired and for regular shower access and indoor recreation time to be restored. Anisah Sabur, a lead organizer in the HALT Solitary Campaign, agreed that Blot “came in and made a bunch of changes.” “This individual is saying that Bedford is a maximum-security facility, and these are the maximum-security regulations that they are following,” Sabur said, “but most of them are just blatant violations of the HALT law.” DOCCS denied that Blot was solely responsible for the sweeping changes at Bedford. “Facility operations are based on established Department policies, not individual management preferences,” wrote March, the DOCCS spokesperson, in December. The chaos and tensions created by these changes from both guards and incarcerated people at Bedford Hills have also heightened incidents of violence, said Nur. Herrera also mentioned increased violence against incarcerated people at Bedford. In mid-November, Nur said a woman tried to leave her cell with a robe on “to retrieve a water bucket,” because she wasn’t able to shower during her allotted time. According to Nur, a guard asked the incarcerated woman what she was doing. The woman explained that she was bathing and put her hands up and backed away. Next, Nur said that the officer “charged towards” the woman, punching her in the face and slamming her naked body onto the ground. “The response team [answered] with [further] abuse,” wrote Nur, in a letter to The Intercept. “They dragged her off the unit, exposing her naked body in front of her peers and male security. It was traumatizing to witness.” “I’m afraid that I could be next,” he said. DOCCS declined to comment on the allegation, saying they were unable to without a name or “case-specific details.” Nur said he knows how to endure isolation, but the grief and fear throughout Bedford have been devastating to witness. > “To witness the madness that surrounds me is terrifying.” “To witness the madness that surrounds me is terrifying,” he wrote. “I can handle confinement; it’s just mentally draining to hear many of my peers cry in agony about not wanting to be alone for so many hours confined. It brings an emotion that I can not explain: I can only compare it to empathy. I know what it feels like to be abandoned and forgotten.” “This new policy ... is creating cabin fever and chaos,” said Kit. “They’re being held in their cells for hours and days with nothing to do to be proactive, unable to shower, unable to clean their cells, unable to cook and make their food. And the officers, and particularly the security in the garden, seem to be getting a very sick pleasure out of it.” The mental impact of isolation is something Kit understands all too well. [![]( ## Related ### Trump Administration Abolishes Rules Protecting Trans Prisoners]( For nearly a decade, Kit, who is transgender, was held in solitary confinement in multiple men’s prisons before being sent to Bedford. The federal Prison Rape Elimination Act technically prohibits placing trans inmates in solitary confinement for their protection without their consent, but in practice, the overwhelming majority of trans people incarcerated in the United States have spent [time in solitary confinement]( “I almost lost my life on numerous occasions,” said Kit. “These are women who have never experienced solitary confinement, who are used to regular programming ... are being thrown into days and days with nothing to do, literally overnight.” The post [New York Women’s Prison Forces People to Go Without Showers or Recreation]( appeared first on [The Intercept]( --- *From [The Intercept]( via [this RSS feed]("
lemmy:https://feddit.it/post/616205,lemmy,near_duplicate,minhash_near_duplicate,dc_mh_24972,"La più grande coomunity Lemmy su Android si sposta sul'istanza Lemdro.id crosspostato da: > **TLDR: To promote unity and simplicity, we're 'merging' with c/Android over at lemdro.id (a new, tech-focused Lemmy server!)** > > Don't worry, you don't need to make a new account. You can still join it even if your account is on Lemmy.World — just click this link [c/Android at Lemdro.id](/c/android@lemdro.id) and subscribe, the same way you did here. Indeed, many of you are already based on instances other than LW — that's the handy thing about the fediverse. > > # Why are you doing this? > > We've thought hard on this decision, and had some long chats with not only the team running c/Android over there, but also the admin of lemdro.id itself. > > Our feeling, and our decision, is that while having multiple communities for the same topic is a key strength of the fediverse, **we're keen to avoid unnecessary fragmentation for existing members and confusion for any newcomers.** > > As most of you know, the team at lemdro.id are experienced moderators, having run the Android subreddit before *The Great API Quake of 2023.* > > # Why don't they simply join us here? > > LW is a great instance, but lemdro.id's entire purpose is tech, and its admin is working hard to make it the fastest and most robust instance around for people like us. It's the right home for this community. > > # How does it benefit me? > > We're hopeful that our goal of a community managed by experienced moderators is aligned with your expectations for a well-run, respectful community. > > We also believe that a fast, dedicated 'world' of tech communities will prove ideal for people like us — people who expect excellent uptime and reliable, fast loading of its features and functions. (No pressure, lemdro.id team! 😂) > > Lastly... Well, see the next point. > > # What happens to this community? > > **We have locked this community.** > > As we've said above, we want to avoid fragmentation and duplication of threads, and that's best achieved by not having two identical communities. > > Unfortunately, we can't just pack up all the threads here and take them to lemdro.id, but they'll live on as an archive. > > It'll always be here if we need it, but right now it's only a few weeks old — despite its massive growth — which means locking it won't rob us of too much historical content. > > See you over at [c/Android at Lemdro.id](/c/android@lemdro.id)!"
youtube:UgyHrNm79G9w9g8CW9B4AaABAg,youtube,duplicate,normalized_exact,dc_30ce1a1e9c05,Thank you very much
youtube:UgwJgdezV7ZuuQw2OcN4AaABAg.Aaw5QEgxWv4AawU0XnUD5J,youtube,duplicate,normalized_exact,dc_da62168637c7,Silahkan cek divideo kak disitu sudah ada keranjangnya tinggal klik trus pilih bibitnya dan sudah ada harganya🙏🙏🙏❤❤❤
reddit:t3_fsek7o,reddit,duplicate,exact,dc_ef1eeb4b211e,"Question: Rockwool substitutes? So, currently living in Taiwan and I used to get all my rockwool on Amazon, but due to the virus, no one’s (understandably) shipping over here right now. I’m currently starting seeds directly IN the hydroton (clay pebbles), but I’ve always gotten better results from starting in rockwool... I’m wondering if there’s another, EASILY FOUND material I could use to substitute? I wanted to try cotton, but I heard organic materials like that will eventually mold.. any ideas??"
youtube:UgwDQRG6FZOIDToALPt4AaABAg.AYE95ZEKUunAYEECwqPd9h,youtube,duplicate,normalized_exact,dc_b472fe0548e2,Sama sama kak😊😊
youtube:UgxHbbZGDygojh75eb14AaABAg,youtube,duplicate,exact,dc_fcfad378a2fd,kura-kuranya lucu...
reddit:t3_j2o3al,reddit,duplicate,exact,dc_2b14c981e6f7,Jalapeño Plant Leaves Issue
reddit:t3_1wlnpo2,reddit,duplicate,exact,dc_5d755a873bb5,Apple Gas Breath
youtube:UgyhBj6WA_JHv4Ejyzx4AaABAg.9wqG3udD3i3AGRxfmA9ApG,youtube,duplicate,normalized_exact,dc_e82c5acab602,Get Your FREE Hydroponics Starter Guide Here👇
youtube:UgzKKjjGhNNFjkUavy94AaABAg.A1xYLZrxn0BAGRmafSxrC3,youtube,duplicate,exact,dc_d0b437e24e7f,Get Your FREE Hydroponics Starter Guide
youtube:Ugy4vvnxAPTSvdbjSah4AaABAg,youtube,duplicate,normalized_exact,dc_65799fc096cf,Salam dari binjai
youtube:Ugx1UAMuHaALRsc4vQV4AaABAg,youtube,duplicate,normalized_exact,dc_d72858d70b4f,Tertarik sekali.
youtube:Ugw2887XfMhLlY973HB4AaABAg,youtube,duplicate,normalized_exact,dc_5a29cccb6635,Makasih ilmunya
youtube:UgwNVA7VKKM48eaRMIx4AaABAg.A4A9QsNegOAA4HO_iWz7WD,youtube,duplicate,normalized_exact,dc_49a26217bd1a,Terimakasih kak
reddit:t3_a9jnzk,reddit,duplicate,normalized_exact,dc_8fcb38c3af9b,Roots looking bad?
reddit:t3_iwhb18,reddit,duplicate,exact,dc_9c362d85014f,"Nutrient Film Technique Cannabis Grow, seed to harvest timelapse. I didn't think it would be possible."
youtube:UgzOUCnXoWWMPklkmc14AaABAg,youtube,duplicate,exact,dc_13334ef0738d,Very interesting
youtube:UgyJhvlQtp5fU4J-R3J4AaABAg,youtube,duplicate,normalized_exact,dc_ef6dfdc4153f,how much it cost
youtube:UgykUMFuh9F5fKLXPLx4AaABAg.AI5e6pNArsaAP__Vzrc9-w,youtube,duplicate,normalized_exact,dc_b9c25bc48746,@Indonesia.TempoDoeloecaipira Kak
youtube:UgwcnbVwPPcfN7rypxl4AaABAg.9s1MxJHICpE9s1W4Vzl6p6,youtube,duplicate,normalized_exact,dc_d12e28c9333f,Alhamdulillah kak🙏
reddit:t3_12vc6u0,reddit,duplicate,exact,dc_401444957ef6,My little Kratky shelf
youtube:Ugw6o-hhePK34VhblQl4AaABAg.AHMj9qzIPtBAHcBrCqESTA,youtube,duplicate,normalized_exact,dc_05a1d431f7b1,@ennimedia9900 sama-sama Kak🥰
reddit:t3_1g9dfia,reddit,duplicate,normalized_exact,dc_a08b964009db,Cherry tomatoes
reddit:t3_4ofz2g,reddit,duplicate,normalized_exact,dc_8a12637b3bc3,"I would like to convert an old shipping container into a experimental (legal) growing lab. What should I know to keep it above board? I am a recently graduated science Phd with extra money and free time. I have always enjoyed gardening, and I want to start a hobby hydroponics project. My field isn't close to biology, but I have a lot of experience with electronics, plumbing, data science, and engineering. So my plan is to purchase an old shipping container. I don't think windows are needed, as I want to experiment with solar panels, growing lamps, soil or water nutrient conditions, fish filtering, all that. I'd like to practice automating a lot of the upkeep through arduino boards, and keep very careful records of conditions. Then my goal is to optimize [Energy / Cost In vs Calories Out] using a bunch of techniques I've been reading on. And maybe throw in some of my science background to come up with new ideas to solve growing problems. I am still in the planning stage, but I want to scope things out and see if any of this has been done before. Is there any community similar to what I am describing? Maybe in the ""citizen science"" movement, working on agricultural problems for the next generation? Also, is what I am doing still legal? Purchasing the crate I mentioned, keeping it on my property. Finding a way to assure local authorities that I am not growing pot or anything like that. Any potential show-stoppers before I put too much effort into this project? Thanks everyone for any help or suggestions."
youtube:UgzbimW4l-JwJdqOC7h4AaABAg.AMLlvGOWy6lAMLrGoi-kHt,youtube,duplicate,normalized_exact,dc_11205fe1ec36,Metode hidroponik
youtube:UgwYT2IFnW9wJOGKZPJ4AaABAg,youtube,duplicate,normalized_exact,dc_c3c51d8d5e97,Sangat memotivasi dan meningkatkan kreativitas kita!
reddit:t3_1383zsu,reddit,duplicate,exact,dc_8c0b9f025141,How I clone and grow basil from seed for hydroponics! youtube in bio :D have a great day :)
youtube:Ugzr9gRYwUak3fsWCIR4AaABAg,youtube,duplicate,normalized_exact,dc_6255e14abc09,Brilliant!!! ❤❤😊😊😊
youtube:Ugzx4iopaHHgao-XWQd4AaABAg.AQ0nNljic8bAQ1IukwChUi,youtube,duplicate,normalized_exact,dc_bfede975b068,Glad you found it helpful!
youtube:Ugy2uN4tBZbgxRz3GZZ4AaABAg.AOQPBmg2zEYAORzDtvyk3M,youtube,duplicate,exact,dc_e5a2c93c7bdf,"Alhamdulillah senang sekali Ayo Lur dibantu bagikan video ini ke teman, kerabat maupun saudara, semoga makin banyak yang Terbantu dan Menginspirasi"
youtube:UgxMKnvutH8EAq5szYZ4AaABAg.AMNlzsWzDQIAMOw3Jx2mHF,youtube,duplicate,normalized_exact,dc_e3b0c44298fc,​@Kebuninspirasi95makasih 🙏
youtube:UgxolhjffgySJJtfWyx4AaABAg.A2aQXIH3SfAAGPp7GEzrJ4,youtube,duplicate,normalized_exact,dc_e82c5acab602,@juliuspasamante8999 Get Your FREE Hydroponics Starter Guide here👇
youtube:Ugz4CWxC8qt2Yr9Wupp4AaABAg,youtube,duplicate,normalized_exact,dc_01a37c5f019c,Thanks for your support.
lemmy:https://ibbit.at/post/187734,lemmy,near_duplicate,minhash_near_duplicate,dc_mh_25364,"What Happened on the 2026 Global Days of Action to Close Bases # Reports from the 2026 Global Day of Action to Close Bases ### On February 21-23, 2026, individuals and organizations around the world took coordinated action in their communities to call for the closure of all military bases as part of the Global Days of Action to Close Bases. Details about plans for the day, participants, motivations, and goals are at [DayToCloseBases.org]( Over 50 events took place in Australia, Burundi, Cameroon, Denmark, DRC, England, Finland, Germany, Greece, Ireland, Italy, Japan, Lithuania, Mauritius, Norway, Philippines, Puerto Rico, Scotland, South Korea, Sweden, United States, Venezuela, and Wales. Below is a sampling of reports, videos, and photos from a variety of locations. Over 30 organizations endorsed. Simultaneously, WBW published a [report]( on Canadian foreign bases, did [webinars]( on bases in Latin America, released [statements]( on [plans]( for a U.S. base in Gaza, and previewed the coming actions with a [walk on a frozen lake]( in Wisconsin, U.S. Australia ### Brisbane Michael Henry reports: *Just* Peace QLD organised a vigil in King George Square, Brisbane, whose objective was to bring the attention of residents of our city to the large number of military bases in Australia. Almost all these facilities are used by the United States of America. This situation means that Australia is closely bound to the espionage, personnel training, and weapons testing activities of the USA. And one way or another facilitates wars and civil unrest all over the world. Furthermore, these bases are the source of intense pollution of Australia’s land, waterways, and air. The global footprint of America’s military in this regard is powerfully documented in the film ***Earth’s Greatest Enemy***, directed, and produced by internationally renowned journalists Abby Martin and Mike Prysner. The film will be shown in Brisbane on Friday June 5th at 6:30pm at the New Farm Cinemas. The vigil was attended by about 25 people from many groups in Brisbane who are deeply concerned about this issue. [![]( ### Melbourne Margaret Williamson reports on behalf of The Committee Melbourne Unitarian Peace Memorial Church Please find below a photo of the congregation who attended the service for the Melbourne Unitarian Peace Memorial Church last Sunday 22nd February. Our service was dedicated to the global campaign to close bases. For us that includes the closing of USA bases on Australia, including Pine Gap, North West Cape, and others arising from the AUKUS military pact, for the $368Billion sale of eight (8) nuclear powered submarines to the Australian navy. [![]( ### Sydney: [Also see this report with photos on Facebook]( Denis Doherty reports: The weekend of 21 and 22nd February was chosen as the global day of action to close bases. The idea originated with the global organization World BEYOND War which has appealed to many across the world to come out on that weekend with actions to close bases — either local ones or foreign bases. In the Australian context for a long time it looked like the response would be small, but it grew significantly over the last few days. Actions and demonstrations were held in [Brisbane]( [Canberra]( [Sydney]( [Melbourne]( [Adelaide]( [Fremantle]( [Alice Springs]( Newcastle and Wollongong. The global days of action to close bases marks the day the USA took over Guantanamo Bay from Cuba in 1903, starting the modern era of overseas military bases as a key tool of expansionism and empire building. Actions are designed to draw local and global attention to the environmental and social harms of overseas military bases. “The sheer scale of global participation this weekend will send an unmistakable message: the physically massive, yet remarkably hidden, problem of military bases can no longer be ignored,” asserted David Swanson, Executive Director of World BEYOND War, a driving force behind this monumental day of action. There are many reasons to close U.S. bases in Australia but the principal ones are currently as U.S. forces gather off Iran to force ‘regime change’, that the U.S. uses bases here to attack other countries and makes us complicit in war crimes as it has done by the use of Pine Gap for Israeli attacks on Gaza and surrounding countries. Of course, we acknowledge that the bases take up Aboriginal Land. Military bases are instruments of dispossession, routinely seizing Indigenous lands without consent or restitution. The Sydney event at the gates of the Australian Navy Base in Sydney HMAS Kattabul was a well-attended day with an anti AUKUS theme. These nuclear submarines will require the establishment of more bases in Australia. The speakers were: Ms Abigail Boyd (Greens MLC) and Mr Matt Murphy (ETU National Office), Pip Hinman (Socialist Alliance), Peter Murphy (AWPR), Catherine Dobbie Knitting Nanas, Sha Reilly Labour against War, Olvia Barlow Greens councillor inner west, Denis Doherty Anti-Bases. The basic themes were the needs of Australia far outweigh the need for submarines, these bases are facilitating war and the imminent war about to erupt in Iran. We in Australia need to wrestle with our status as a vassal of the U.S. and unable to be independent, we need to extricate ourselves from under the thumb of the U.S. [![]( [![]( [![]( ### Northern Australia: Billee McGinley reports: I am from Garramilla (Darwin) in the Northern Territory of Australia. We did an action for the Global Days of Action to #closebases but didnt publicise our event prior to it happening. > View this post on Instagram > > [A post shared by Disrupt Wars (@disruptwars)]( Burundi Lorem ipsum dolor sit amet, consectetur adipiscing elit. Ut elit tellus, luctus nec ullamcorper mattis, pulvinar dapibus leo. Cameroon **En français plus bas** ### Institutional Dialogue to Close Foreign Military Bases in Cameroon *By Roméo Tekoudjou Sonkeng, Co-Coordinator of the Cameroon Chapter of WBW* February 23, 2026 – Yaoundé, Cameroon On February 23, 2026, on the occasion of the Global Day to Close Military Bases, the Cameroon chapter of World BEYOND War organized an exchange and awareness-raising meeting in Yaoundé inviting representatives of public administrations, diplomatic missions and civil society organizations. The idea was to draw attention to the impacts of foreign military bases on peace, sovereignty and security of populations, while promoting alternatives based on international cooperation, diplomacy and demilitarized security. In an African context marked by a significant foreign military presence and complex security dynamics, the Cameroon chapter of WBW considered it essential to open a space for constructive dialogue on this sensitive issue. Administrations and missions had been invited but did not come, including the ministries concerned with issues of defense, as well as various embassies present in Cameroon, including the embassy of the United States of America, which has four military bases. While institutional mobilization remained limited, the presence of only two representatives of the Ministry of Foreign Affairs was an important signal of openness to dialogue. The representatives of the Ministry of Foreign Affairs clearly indicated that they were not mandated to express an official position of the Cameroonian government on the subject discussed. Their participation was part of a process of listening and understanding, aimed at getting to know World BEYOND War and its national chapter better. In particular, they asked questions about the legal existence and mode of operation of the WBW Cameroon chapter, while providing advice on better alignment with the national legal framework. This exchange made it possible to clarify the non-partisan, non-violent and civic positioning of the movement, as well as its international affiliation and its mode of operation as a network. ### Presentation of the chapter and the Global Day to Close Bases The meeting began with a presentation of the Cameroon chapter of WBW, its vision and its main achievements. Participants were introduced to World BEYOND War’s global mission: to abolish the institution of war and promote its replacement with nonviolent alternatives to militarization. Particular emphasis was placed on the chapter’s participation in Global Day to Close Bases. This presentation made it possible to place the Cameroon chapter’s initiative in a broader global movement, while stressing the importance of a progressive dialogue with national institutions. The map of WBW’s military bases was presented, in order to introduce the participants to the location of the military bases in Cameroon attributed to the United States of America. The civil society organizations present, including WILPF Cameroon, Women’s Peace Initiatives and Youth For Peace, welcomed the initiative and underlined the relevance of the theme. Their contributions to the exchanges highlighted the importance of approaching militarization through the lens of human rights, human security, and feminist peace. Participants stressed the need to strengthen synergies between organizations committed to peace, in order to pool awareness-raising and advocacy efforts. This meeting thus contributed to consolidating strategic alliances between national actors committed to the promotion of security centered on populations rather than on military logics. ### Lessons and perspectives The effective organization of this activity, despite the politically sensitive nature of the theme, is in itself a significant result. It has made it possible to initiate an institutional dialogue, to clarify the legitimacy of the chapter to ask these questions and to strengthen partnerships with peace organizations. Among the main challenges observed are the low level of mobilization of invited diplomatic administrations and missions, as well as the inherent sensitivity to issues of international military cooperation. These elements underline the importance of more structured institutional communication upstream, in particular through bilateral preparatory meetings. The Ministry of Foreign Affairs said that in order to have an effective participation of diplomatic missions, it is recommended to go through them. Experience also shows that on issues relating to sovereignty and national security, a progressive approach that respects institutional frameworks is strategic. The Global Day to Close Bases in Cameroon marks an important milestone in consolidating the Cameroon chapter of WBW in its commitment to demilitarized security. While institutional participation remained low, the activity opened up a space for dialogue with the Ministry of Foreign Affairs, strengthened partnerships with civil society organizations and placed the chapter in a broader continental dynamic. This initiative is part of a gradual process of awareness-raising and advocacy, based on dialogue, cooperation and the promotion of non-violent alternatives to militarization. ### Dialogue institutionnel en vue de la fermeture des bases militaires étrangères au Cameroun *Par Roméo Tekoudjou Sonkeng, Co-coordinateur du chapitre camerounais de WBW* 23 février 2026 – Yaoundé, Cameroun Ce 23 février 2026, à l’occasion de la Journée mondiale pour la fermeture des bases militaires, le chapitre camerounais de World BEYOND War a organisé à Yaoundé une rencontre d’échange et de sensibilisation invitant des représentants d’administrations publiques, des missions diplomatiques et des organisations de la société civile. L’idée était d’attirer l’attention sur les impacts des bases militaires étrangères sur la paix, la souveraineté et la sécurité des populations, tout en promouvant des alternatives fondées sur la coopération internationale, la diplomatie et la sécurité démilitarisée. Dans un contexte africain marqué par une présence militaire étrangère significative et des dynamiques sécuritaires complexes, le chapitre du Cameroun de WBW a jugé essentiel d’ouvrir un espace de dialogue constructif sur cette question sensible. Plusieurs administrations et missions diplomatiques avaient été invitées, bien qu’elles n’aient pas été présentes, notamment les ministères concernés par les questions de défense, de sécurité nationale, ainsi que différentes ambassades présentes au Cameroun, dont celle des États unis d’Amérique qui possèdent quatre bases militaires. Si la mobilisation institutionnelle est restée limitée, la présence de deux représentants du Ministère des Relations Extérieures (MINREX) a constitué un signal important d’ouverture au dialogue. Les représentants du MINREX ont clairement indiqué qu’ils n’étaient pas mandatés pour exprimer une position officielle du gouvernement camerounais sur la thématique abordée. Leur participation s’est inscrite dans une démarche d’écoute et de compréhension, visant à mieux connaître World BEYOND War et son chapitre national. Ils ont notamment posé des questions relatives à l’existence légale, au statut juridique et au mode de fonctionnement du chapitre de WBW du Cameroun, tout en formulant des conseils en vue d’un meilleur alignement avec le cadre légal national. Cet échange a permis de clarifier le positionnement non partisan, non violent et citoyen du mouvement, ainsi que son affiliation internationale et son mode de fonctionnement en réseau. ### Présentation du chapitre et de la journée mondiale La rencontre a débuté par une présentation du chapitre du Cameroun de WBW, de sa vision et de ses principales réalisations. Les participants ont été introduits à la mission globale de World BEYOND War : abolir l’institution de la guerre et promouvoir son remplacement par des alternatives non violentes à la militarisation. Un accent particulier a été mis sur la participation du chapitre à la journée mondiale pour la fermeture des bases militaires étrangères. Cette présentation a permis d’inscrire l’initiative du chapitre camerounais dans un mouvement global plus large, tout en soulignant l’importance d’un dialogue progressif avec les institutions nationales. La carte des bases militaires de WBW a été présentée, afin de faire découvrir aux participants la localisation des bases militaires au Cameroun attribuées aux États Unis d’Amérique. Les organisations de la société civile présentes, notamment WILPF Cameroon, Women’s Peace Initiatives et Youth For Peace, ont salué l’initiative et souligné la pertinence de la thématique. Leurs contributions aux échanges ont mis en lumière l’importance d’aborder la militarisation sous l’angle des droits humains, de la sécurité humaine et de la paix féministe. Les participantes et participants ont insisté sur la nécessité de renforcer les synergies entre organisations engagées pour la paix, afin de mutualiser les efforts de sensibilisation et de plaidoyer. Cette rencontre a ainsi contribué à consolider les alliances stratégiques entre acteurs nationaux engagés dans la promotion d’une sécurité centrée sur les populations plutôt que sur les logiques militaires. ### Enseignements et perspectives L’organisation effective de cette activité, malgré le caractère politiquement sensible de la thématique, constitue en soi un résultat significatif. Elle a permis d’initier un dialogue institutionnel, de clarifier la légitimité du chapitre à poser ces questions et de renforcer les partenariats avec des organisations de paix. Parmi les principaux défis observés figurent la faible mobilisation des administrations et missions diplomatiques invitées, ainsi que la sensibilité inhérente aux questions de coopération militaire internationale. Ces éléments soulignent l’importance d’une communication institutionnelle plus structurée en amont, notamment à travers des rencontres bilatérales préparatoires. Le Minrex a notamment indiqué que pour avoir une participation effective des missions diplomatiques, il est recommandé de passer par eux. L’expérience montre également que sur des sujets touchant à la souveraineté et à la sécurité nationale, une approche progressive et respectueuse des cadres institutionnels est stratégique. La Journée mondiale pour la fermeture des bases militaires étrangères au Cameroun marque une étape importante dans la consolidation du chapitre de WBW du Cameroun dans son engagement en faveur d’une sécurité démilitarisée. Si la participation institutionnelle est restée faible, l’activité a permis d’ouvrir un espace de dialogue avec le Ministère des Relations Extérieures, de renforcer les partenariats avec des organisations de la société civile et d’inscrire le chapitre dans une dynamique continentale plus large. Cette initiative s’inscrit dans un processus graduel de sensibilisation et de plaidoyer, fondé sur le dialogue, la coopération et la promotion d’alternatives non violentes à la militarisation. [![]( [![]( Denmark Lorem ipsum dolor sit amet, consectetur adipiscing elit. Ut elit tellus, luctus nec ullamcorper mattis, pulvinar dapibus leo. DRC Lorem ipsum dolor sit amet, consectetur adipiscing elit. Ut elit tellus, luctus nec ullamcorper mattis, pulvinar dapibus leo. England Lorem ipsum dolor sit amet, consectetur adipiscing elit. Ut elit tellus, luctus nec ullamcorper mattis, pulvinar dapibus leo. Finland Mikael Book reports: “Finland must remain outside the war. —But is the best way for Finland to remain outside the war to allow the United States to establish fifteen military bases in Finland?—Are we safe now that we have given US military forces free access to Finnish military airfields, naval bases, garrisons, and the Ivalo border guard barracks?—Did Finland do the right thing in 2023 to preserve peace when it signed a base agreement called DCA with the United States? With these questions, Mikael Böök opened a demonstration at the center of Helsinki City on Monday, February 2026. The manifestation was part of the international “Close Bases Day” 2026. Approximately seventy persons from various peace groups gathered to express their views on the Defense Cooperation Agreement between Finland and the United States at the Three Smiths statue, a highly public location in the heart of Finland’s capital, Helsinki. The number of protesters may seem surprisingly small, considering that the demonstration was supported by Finland’s traditionally quite large and influential peace organizations. However, Finland’s government and political establishment unanimously support the DCA agreement, as do all major newspapers and the state-owned broadcasting company YLE. This means that there has never been any public discussion of the DCA agreement and its contents. As a result, the Finnish people still do not understand that“The DCA agreement represents the greatest transfer of power to a foreign state that has ever taken place in Finnish history,” to quote Ms. Gashaw Bibani’s speech during the demonstration. Bibani is one of the very few politicians in Finland who takes a clear stand against the DCA agreement. Among the speakers at the demonstration was Thomas Wallgren, professor of philosophy at the University of Helsinki. Wallgren criticized the prevailing militarism and arms race policy in Finland and Europe. He quoted the Norwegian peace activist Ingeborg Breines: ——“If weapons could bring peace, we would have had peace long ago.” Among those participating in the demonstration was the group “Women in Black.” Their banners and placards reminded people of the risk of nuclear war and the necessity of nuclear disarmament—a very topical issue in Finland, the Nordic countries, and Europe. Veteran peace actvist Marianne Laxén spoke for the WiB group. She begun her speech with these words: ——”Yankees Go Home! In my youth I shouted these words in protest against the US war in Vietnam. I did not then think that I would have to shout these words again at the age of 80. But now it’s not about Vietnam, it’s about Finland!” The group “Workers’ Antimilitarists” recorded the demonstration on video. Watch the video at Youtube [here.]( After the demonstration at the Three Smiths statue, The Finnish Peace Union and The Finnish Peace Committee organized a discussion entitled “Was the DCA agreement a big mistake?” at the Rosebud bookstore in the old post office. The discussion was led by Professor Markku Kangaspuro and author Veronica Pimenoff. The lively discussion attracted about a hundred participants. [![]( Germany ### Stuttgart: Heike Hánsel reports: Here are some photos of our protest in front of the US EUCOM in Stuttgart-Vaihingen, Germany, on 21 February 2026. Unfortunately it was a rainy day but we got some activists together. —Society Culture of Peace [![]( [![]( [![]( [![]( [![]( Greece Lorem ipsum dolor sit amet, consectetur adipiscing elit. Ut elit tellus, luctus nec ullamcorper mattis, pulvinar dapibus leo. Ireland ### No Bases at Shannon Airport Barry Sweeney reports: The event had two parts to it. This first part was a large projection action on Saturday night in collaboration with Ciaran Dunlevy, an activist artist. The projections included images specific to Shannon Airport; others were WBW Close Bases graphics; others highlighted the similarity between the genocide and famine in Palestine and Ireland; others were about the vassal nature of Irish politicians; and finally others were about the Epstein files. The action went well and gave us the ability to post this material during the night so that people woke up on Sunday morning to a nice surprise. On the Sunday itself, people began gathering at about noon. Some time was spent chatting and networking. Then we prepared the space. There were symbolic coffins which were laid out between the Peace Roundabout and the entrance to the airport where the police erected their blockade. Many banners were hung around, as well as planted in the ground. About 60 people attended in total. After spending some time at the roundabout, where we received much support from passing cars, buses, and taxis, we walked to the blockade. There Ed Horgan made a speech about Shannon Airport, Miriam Ryan spoke about some of the atrocities committed in Palestine, and finally Barry Sweeney spoke about the reasons why military bases should be closed in general. After it was all done, everything was put away and the members of WBW Ireland had a one hour meeting in a local coffee shop. Overall it was a successful weekend. [![]( [![]( [![]( [![]( [![]( [![]( [![]( Italy Lorem ipsum dolor sit amet, consectetur adipiscing elit. Ut elit tellus, luctus nec ullamcorper mattis, pulvinar dapibus leo. Japan ### Okinawa [![]( Lithuania ### Vilnius Olga Karatch of [Our House]( reports: Women activists from Our House Centre for Human Rights and Relief joined the global initiative Global Days of Action to #CloseBases, an international campaign coordinated by the peace movement World BEYOND War, aimed at drawing public attention to the risks created by foreign military bases around the world. As part of the global day of action, women from Our House organized a public demonstration in Vilnius expressing opposition to Russian military bases in Belarus. Participants came with posters and messages calling for peace, demilitarization, and civilian security. The action highlighted growing concern about increasing militarization in the region and the role of foreign military infrastructure in escalating tensions. The activists stressed that military bases — especially foreign ones — are not neutral infrastructure. They shape political decisions, contribute to confrontation dynamics, and often transform host territories into geopolitical frontlines. In the context of Belarus, the expanded military use of territory by Russia raises serious concerns about regional stability and the safety of civilians. By joining the Global Days of Action to #CloseBases, the women of Our House connected local civic action in Vilnius with a wider international peace movement. The campaign brings together activists across different countries who advocate for alternatives to militarization and emphasize human security, dialogue, and nonviolent solutions to conflicts. For Our House, participation in this action is part of a broader commitment to peacebuilding, protection of civilians, and support for nonviolent approaches to security. Public visibility, civic engagement, and international solidarity remain essential tools for resisting militarization and keeping discussion about peace and safety present in public space. [![]( [![]( [![]( Mauritius Alain Ah Vee reports: On the 23rd February a delegation from a collective of 20 trade unions, and social, women, student, and political organisations submitted a petition to the Prime Minister of the Republic of Mauritius calling for the closure of U.S. military base on Diego Garcia. Members of the delegation stood in front of the Prime Minister’s Office holding a banner with the slogan in Mauritian Creole (SOVEREIGNTY IS NOT FOR SALE. CLOSE DIEGO BASE). Please find below the Petition with the names of the 20 organisations signatories and a photo of the action. **To Hon. Navin Ramgoolam, Prime Minister, Republic of Mauritius.** **PETITION FOR MILITARY BASE CLOSURE** It has been one year since our call to you as Prime Minister. Today on the occasion of the 2nd Global Day of Action to Close Military Bases all over the world, we, who represent the undersigned organizations, re-iterate our call to you, as Prime Minister to seize the moment, when the Republic of Mauritius has proven its sovereignty over all its territory, to insist upon the closure of the military base on Diego Garcia, and to amend the Constitution to abolish foreign military bases from our country, while instituting a demand from the British ex-colonizers and American occupiers for rental arrears from the moment of Independence in 1968 to the date of base closure, as well as reparations for Chagossians for the harm they have suffered by their forcible removal, and reparations to the State of Mauritius for prolonged illegal military occupation of so much of Mauritius’ land and sea. – This will ensure effective exercise of Mauritian sovereignty over the whole of Chagos. – This will ensure that the military base no longer represents a permanent threat of war, and that war and genocide are not ever again perpetrated from the land we are responsible for. – This will ensure the land for which we are responsible is not ever again used for illegal imprisonment or torture, either. – This will ensure that Chagossians have the right to return to the Island most of them came from, Diego Garcia, as well as all the other Chagos Islands, and all Mauritians have the right of free movement, over the whole of Mauritian territory. – This will ensure that the state of Mauritius is not in violation of the Pelindaba Treaty for a Nuclear Arms Free Africa to which we are a signatory. – This will ensure an end to the “military base pollution”– a major source world-wide of degradation of air, land and sea – and make possible a proper Marine Protected Area there. – This will ensure that our country does not become the target for dangerous retaliation if war is ever waged from our territory against a country with which we are not at war. – This will empower us, the people of the country, to enjoy our “sovereign democratic state”, as enshrined in Section 1 of the Constitution of Mauritius. – This will help ensure peace on the basis of international law and justice. In this way we will avoid being part of the military arm of the recently created supposed Board of Peace controlled by Trump and Israel. **Names of signatories** Reeaz Chuttoo, President Confederation des Travailleurs des Secteurs Publique et Privé (CTSPP) Haniff Peerun, President Mauritius Labour Congress (MLC) Deepak Benydin, President Federation of Parastatal Bodies and Other Union (FPBOU) Atma Shanto, President Federation des Travailleurs Unis (FTU) Clency Bibi, President General Workers Federation (GWF) Narendranath Gopee, President National Trade union Confederation (NTUC) Randheer Bundoo, Treasurer Governmant Teachers Union (GTU) Dain Jahajeeah, Secretary Union of Private Secondary Education Employees (UPSEE) Jocelin Louis, for Rodrigues Private Industries and Allied Workers union (RPIAWU) Avinash Bundhun, Telecommunications Workers Union Ram Nowzadick, President Nursing Association Russhid Golamaully, for Senior and Other Nursing Staff Union Lindsey Collen, Ledikasyon pu Travayer (LPT) Bhollah Salaahud Diin, Students for Palestine Norman Tambanivoul, for Dr. Idrice Goomany Treatment Centre Danielle Turner, for Leve Fam! Rajni Lallah, for Muvman Liberasyon Fam(MLF) Marousia Bouvery, for ABAIM Tania Haberland, for Never Again-Olive Resistance Alain Ah Vee, for LALIT [![]( Norway ### Bergen Terje Alnes reports for Anti-war Initiative Norway: Here is a [report]( and [photos]( from our demontration in Bergen, Norway against the 12 U.S. bases we have in this country. Sixteen organisations/political parties joined. [![]( [![]( [![]( [![]( Philippines Lorem ipsum dolor sit amet, consectetur adipiscing elit. Ut elit tellus, luctus nec ullamcorper mattis, pulvinar dapibus leo. Puerto Rico Lorem ipsum dolor sit amet, consectetur adipiscing elit. Ut elit tellus, luctus nec ullamcorper mattis, pulvinar dapibus leo. Scotland Lorem ipsum dolor sit amet, consectetur adipiscing elit. Ut elit tellus, luctus nec ullamcorper mattis, pulvinar dapibus leo. South Korea ### Jeju: Kaia Vereide reports: Global Days of Action to #CloseBases in Gangjeong Village, Jeju Island, South Korea on February 21, 2026 Nearing 10 years since the Jeju Naval Base construction was completed, a floating rocket-launch platform docked in the Jeju Naval Base. We can see how the Hanwha Space Center, which opened in 2025 just uphill from Gangjeong Village, is accelerating the militarization of Jeju Island. But the movement for Life and Peace continues to grow and counter the effects of the base. Daily actions (Monday through Saturday) include 100 Bows for Life and Peace at the gates of the base at 7 AM and a Catholic mass in a tent across the street at 11 AM. These actions counter the military’s war preparations with prayers for peace, and occupy the land outside of the base as a safe and life-affirming place. The Gangjeong Human Chain is a daily cultural festival at noon outside the Jeju Naval Base. Born out of the struggle to stop the construction of the Jeju Naval Base, the human chain has continued to welcome visitors who come to learn about the history of the anti-base struggle and to stand in solidarity for life and peace and against the continued militarization of Jeju Island. The human chain starts each day with these words: “The human chain is a space for people who oppose the violent imposition of a military base on Jeju, the Island of Peace, people who want Jeju to be a demilitarized peace island, to share their hearts through song and dance. It’s also a space to remember and stand in solidarity with all who have experienced and are still struggling against state violence in Korean society in the past and in the present. And it is a place to hope that peace will come quickly to all the innocents who lost their lives and homes, who are suffering from war across the world.” See more about the Jeju peace movement at [savejejunow.org]( [![]( [![]( Sweden Lorem ipsum dolor sit amet, consectetur adipiscing elit. Ut elit tellus, luctus nec ullamcorper mattis, pulvinar dapibus leo. United States ### Baltimore ### ### Binghamton, New York Another (unembeddable) media video report is [here]( A third video is here: ### Hawaii Jim Albertini reports: Close Bases Protest at Pohakuloa on Hawaii Island: Photos from Sunday, Feb. 22, 2026, Protest at Pohakuloa Main Gate. Lots of helicopter machine-gun fire, air-to-ground missiles fired, and explosions were heard from outside the main gate. [![]( ### Las Vegas: ### New York City Rosemarie Pace reports: Pax Christi New York State, along with our co-sponsors NYC Metro Raging Grannies, NYC War Resisters League, Veterans For Peace – NYC Chapter 34, and We Are Not Your Soldiers, stood vigil outside the Times Square Recruiting Center in New York City on Saturday afternoon, February 21st. (Peace Action NYS also co-sponsored, but were unable to attend.) We stood with signs and banners. We also handed out leaflets explaining why close bases, and the Raging Grannies sang almost non-stop. It was clear the many people passing by saw us, though only a minority took the leaflet. A few did engage in brief conversation to learn more, even when they didn’t take the leaflet. I heard one mother telling her two small children, as they walked by, these people are saying no war, and she repeated it a few times. Some others gave a sign of agreement without saying a word. Not sure how many leaflets we succeeded in giving out, but I’ll estimate about 100. Far more people saw us and took note. Below are some photos. All my photos are on the Pax Christi New York State Facebook page. You can see Hideko Otake’s photos at this link: < ### ### Palo Alto Cherrill Spencer reports: Members of the Peninsula/Palo Alto (California, USA) branch of the US section of the Women’s International League for Peace and Freedom (WILPF US) set up an information table just outside the Palo Alto Downtown Farmer’s Market on Saturday 21st February morning. During two hours we interacted directly with over 200 members of the public, handing them printed copies of the “Top 5 Reasons Why We’re Calling for the Global Days of Action to #CloseBases”, and when we ran out of those handouts we called loudly to passers-by that 900 military bases were way too many and their $80billion per year cost was outrageous- and that was US taxpayers money. Everyone nodded in agreement that they would prefer their tax money be spent on healthcare insurance, Head Start and SNAP etc. Because President T. was threatening to bomb Iran we also had signs about avoiding war with Iran and a QR code leading people to a petition to their Congressional reps to pressure the White House to desist from attacking Iran. See the photo below. Report submitted by Cherrill Spencer, Member of the Peninsula/Palo Alto branch of WILPF US. Also co-chair of the DISARM/End Wars Issue Committee of WILPF US. [![]( ### San Diego Nathan with CODE PINK San Diego reports: Below are a few photos from today’s San Diego event as part of the Day to Close Bases. And surprisingly even a couple local news reporters covered it: [![]( [![]( [![]( Venezuela Lorem ipsum dolor sit amet, consectetur adipiscing elit. Ut elit tellus, luctus nec ullamcorper mattis, pulvinar dapibus leo. Wales ![]( The post [What Happened on the 2026 Global Days of Action to Close Bases]( appeared first on [World BEYOND War]( --- *From [World BEYOND War]( via [this RSS feed]("
youtube:UgxSKqaI6zjH4Dmizex4AaABAg,youtube,duplicate,exact,dc_debefd130ba2,Boleh minta referensi codingnya kak?
youtube:Ugxu_xEDgXhAJWSyFgN4AaABAg.A8iXdQgRdIjA8lINfKD6di,youtube,duplicate,exact,dc_13ab71095aa6,Gan pipa 3/4 tempat agan berapa ya? Kok tempat saya mahal 32 ribu sebatang? Apa emang segitu harganya?
reddit:t3_1s78aq2,reddit,near_duplicate,minhash_near_duplicate,dc_mh_39189,"12 Plants 50 days Veg in a 5x5x6 in Coco fed Cropsalt. What should I expect? 4 Triangle Kush X Irene Kush 7 0G Kiss 1 Chem D X mystery cultivar Biggest plant sits 17 in above medium. I took the VEG pretty far for 12 plants, had some delays with equipment. I have 4 in solos that are getting transplanted tonight. So i cant flip to flower for another week. How do you guys think this will turn out, what should I expect? I'm using a growers choice ROI E720 Light AC INFINITY 8in Inline Fan AC INFINITY 8in Clip Fan 20 in White Box fan. And will be installing blumats this week, and getting more equipment."
youtube:Ugy-LYVB670NFokUn6d4AaABAg,youtube,duplicate,normalized_exact,dc_33f87f44878a,Terima kasih ilmunya
lemmy:https://vegantheoryclub.org/post/78399,lemmy,near_duplicate,minhash_near_duplicate,dc_mh_26251,"Introducing the Vegan Theory Club Lemmy Instance cross-posted from: > **Introducing to the Vegan Theory Club Lemmy!** > > This is a link sharing site for vegan things. We have open registration if you want to create an account and log in. > > We host four communities which are like ""subreddits"" > > 1. [Vegan Home Cooks](/c/homecooks@vegantheoryclub.org) > 2. [Vegan Recipes](/c/recipes@vegantheoryclub.org) > 3. [Gardening](/c/gardening@vegantheoryclub.org) > 4. [Vegan](/c/vegan@vegantheoryclub.org) > > The communities are here to help share links and photos for vegans by vegans. > > [!homecooks@vegantheoryclub.org](/c/homecooks@vegantheoryclub.org) is a site for a discord server called [Vegan Home Cooks Discord]( This is a low-friction post-what-you-cooked community so we can share what we made today and talk about it, no recipes required. We want to provide motivation and encouragement for each other and show off what we made today. > > [!recipes@vegantheoryclub.org](/c/recipes@vegantheoryclub.org) is focused on how to cook and links to recipe sites. > > [!gardening@vegantheoryclub.org](/c/gardening@vegantheoryclub.org) is focused on our gardens, plants, hydroponics and learning how to do it. Some of us are pros and some are just learning and want to post what we're reading and what we're doing. > > [!vegan@vegantheoryclub.org](/c/vegan@vegantheoryclub.org) is for general vegan news, I don't really know what to do with this one. > > If these don't show up on your home instance please search for them on your instance to subscribe and federate the posts for everyone on your instance! >"
youtube:UgwYExUtGzO6izIOtlh4AaABAg,youtube,duplicate,normalized_exact,dc_c2eff7e64183,Mau coba di rumah
youtube:UgxpmRKhQYjs74pCK-R4AaABAg,youtube,duplicate,exact,dc_0a624b0f4bea,"Kerenn, sangat bermanfaat dan menginspirasi"
reddit:t3_6inu38,reddit,duplicate,exact,dc_ef2f0215f89d,Eddy Hydroponics
bluesky:at://did:plc:oujl2eqjm2hk72ss3jervw43/app.bsky.feed.post/3mgc76knlc22y,bluesky,duplicate,exact,dc_839e03767690,Kulon Progo Kembangkan Destinasi Agrowisata Modern -
youtube:UgwJ2G-18OUfYTnD8sx4AaABAg,youtube,duplicate,exact,dc_afd479e472a1,Klo alat ppm nya naik trus selama 1 menit knpa ya? Alatnya yg rusak atau memang pengukurannya blm selese?
