record_id,platform,relevance_score,relevance_basis,thread_title,text_model
youtube:Ugycz1j3h6bLD3WMbv94AaABAg,youtube,0.7,thread_title+weak_term,INSTALASI HIDROPONIK SEDERHANA (perincian modal dan hasil),Sawi nya seger seger om
youtube:UgzcfeBz88Rn7SowXrV4AaABAg,youtube,0.6,thread_title,How to Grow Kratky Hydroponic Tomatoes,Just discovered this video. Thankyou this was beyond well done and informative
youtube:UgwSaPHGGG0u5gyUYnt4AaABAg,youtube,0.6,thread_title,Pernah Diremehkan! Kini Sukses Panen Selada Hidroponik Lewat Greenhouse Minimalis,Terimakasih ilmunya
youtube:UgyIV_Sg23jgHZ6IzSN4AaABAg,youtube,0.6,thread_title,What I do for my plants living in water #plantcare #waterplants #hydroponics,That's the main liquid fertilizer I use as well
youtube:Ugxq5BW4nd0qFgrmgvF4AaABAg.8aSGpL0XBjF8gMMQAbAqnF,youtube,0.7,thread_title+weak_term,A Beginners Guide: pH in Hydroponics,"Abdulla Aljasim I would go with blue pen, there made in new Zeland and are the Cadillac of ph pens."
youtube:UgwnQmAb0xcMiTc5JXF4AaABAg.9JDVRghJvzv9JG-OZ7hlkW,youtube,0.6,thread_title,Online Monitoring & Kontrol Nutrisi Otomatis Tanaman Hidroponik NFT/DFT dari Aplikasi Android,pengambilan dan pengiriman data ke cloud server dikasih rentang waktu mas.
youtube:UgwpZ7tkLhP7mYt1ATp4AaABAg,youtube,0.7,thread_title+weak_term,CARA MEMBUAT PH UP HIDROPONIK MENGGUNAKAN KOH - pH up hidroponik,"Untuk ph down,ada gak serbuk nya bro ?"
youtube:Ugz0aN20_3uRh4YGqWR4AaABAg,youtube,0.7,thread_title+weak_term,How to Start Seeds for Hydroponics,I've done this and my seedlings came out weak with yellow leaves. Any ideas what that could mean?
youtube:UgxGmUVxRr8-zytIWRB4AaABAg.9pmdYrZR4Wv9pn4hDWWolu,youtube,0.6,thread_title,Growing Fodder in an Indoor Hydroponic Farm,@farmboxfoods Good! Thanks!
youtube:UgyGqUHwEGaAu3Z3yyh4AaABAg.9tk4yP9xKt09u1zbcVYcpX,youtube,0.6,thread_title,How to start seeds in Hydroponics,Learned nothing? Maybe skipping through too much
youtube:UgyxC_nqsdnagEYpmKx4AaABAg,youtube,0.6,thread_title,24 Menit Sukses Hidroponik |Unboxing & Praktek Menanam Hidroponik Starter Kit PEMULA Tanpa TDS Meter,Klau ada link tempat pembelian akan sangat membantu.. 👍🏽👍🏽
youtube:Ugzea15YF_DvGN8oMXp4AaABAg.9kKxxFrsfEs9p1F8uPsRr6,youtube,0.6,thread_title,24 Menit Sukses Hidroponik |Unboxing & Praktek Menanam Hidroponik Starter Kit PEMULA Tanpa TDS Meter,"Jgn di ruang terbuka, atau tutupin pakai kelambu, biar serangga ngk bs mendekati tanaman"
youtube:UgxbwIrPay6N-rOAJXV4AaABAg.9u2bGc9Rydq9u5o_dI-ka3,youtube,0.6,thread_title,Hydroponics - The Easy Way - Indoor Gardening in an Apartment or Home,Glad you enjoyed it!
youtube:UgzkcGRLRhz3yAXphBJ4AaABAg,youtube,0.6,thread_title,Cara meracik pupuk nutrisi tanaman hidroponik,Cara meracik pupuk organik sangat detail pasti subur ni tanaman sukses bang semangat
lemmy:https://hackertalks.com/post/27574409,lemmy,0.3,weak_term_only,PhD Ty Beal and MD Westman Talk about Nutrition and Research [Interview] 1h,"PhD Ty Beal and MD Westman Talk about Nutrition and Research [Interview] 1h > Dr. Eric Westman sits down with nutrition researcher Dr. Ty Beal to discuss what the science really says about nutrient density, animal foods, plant-based diets, dietary guidelines, and why so much mainstream nutrition advice has failed to improve public health. They explore why real food matters, why ultra-processed foods are a major problem, and why foods like eggs, fish, meat, organ meats, and dairy may be far more nutrient-dense than many people have been taught to believe. Dr. Beal also explains the limitations of observational nutrition research, the problems with weak associations, the debate around animal foods and planetary health, and why nutrition advice needs more nuance than simply saying “eat less fat” or “eat more plants.” This conversation challenges the old food pyramid thinking and asks whether modern dietary guidelines have ignored some of the most nutrient-rich foods humans can eat. ::: spoiler summerizer **Clinical origins and evidence standards** - Low-carb care began with two patients losing more than 50 lb each through Atkins-style carbohydrate restriction before GLP-1 drugs were available. - Atkins had decades of clinic practice before strong published trials, and the gap between clinical results and academic acceptance remains important. - Clinical epidemiology starts with patients and outcomes, even when unpublished practice data brings little academic credit. - Early-2000s low-carb research moved the field from anecdote toward trials, reviews, and diabetes care. **Ty Beal’s route into nutrition** - Diet changes improved health after travel-related illness, digestive problems, low energy, and undiagnosed lactose intolerance. - PhD work at UC Davis joined agriculture, geography, ecology, and global nutrition, with focus on undernutrition and food systems. - Global nutrition had more openness to animal-source foods and nutrient density than conventional low-fat nutrition. - Work on US dietary guidance, nutrient density, food processing, and global public health came from outside standard dietetics dogma. **Nutrition science and bias** - Harvard-style nutritional epidemiology often yields plant-forward answers through observational models vulnerable to residual confounding. - PURE changed the dataset by going global, and modeling choices can shift nutrition conclusions even with identical data. - Small hazard ratios and odds ratios are weak foundations for clinical advice when they do not align with trials or common sense. - Observational results should generate hypotheses; randomized, controlled, or prospective testing should carry more weight. **Diet fit and food environment** - Different dietary patterns can work because genetics, goals, preferences, adherence, and personal trigger foods differ. - Low fat can work for some people, lower carb can work for others, and long-term adherence matters more than short-term compliance. - The modern food environment exposes people to foods they cannot moderate, especially sugar, refined carbs, and ultra-processed products. - Sugary sodas have no nutritional value beyond water and create nutritional harm. **Nutrient adequacy and food quality** - Micronutrient inadequacy is widespread in the US and globally, including iron, choline, magnesium, potassium, vitamin E, zinc, calcium, B12, and vitamin A. - Food quality has to include vitamins, minerals, protein quality, omega-3 form, calorie density, fiber, nutrient ratios, processing, and bioavailability. - Heme iron, preformed vitamin A, zinc, DHA, and EPA show why animal foods often supply nutrients in more usable forms than plant foods. - Plant foods still contribute vitamin C, potassium, vitamin E, magnesium, fiber, and many compounds outside essential nutrient lists. - Fiber is not required for life, but it can help or hurt depending on the person, gut tolerance, satiety, and microbial response. **Nutritional Value Score** - The Nutritional Value Score combines priority vitamins, minerals, protein quantity and quality, omega-3s, calorie density, fiber, nutrient ratios, and ultra-processing. - Dark green leafy vegetables, organ meats, fish, seafood, non-starchy vegetables, unprocessed red meat, eggs, legumes, poultry, yogurt, nuts, and seeds score well. - Soft drinks, grain-based sweets, instant noodles, salty snack foods, refined grains, and other sweets cluster near the bottom. - Small dried fish, anchovies, sardines, fatty fish, shellfish, and organs are among the most nutrient-dense individual foods. - Eggs score solidly but not perfectly because the score measures quantified nutritional value, not whether a food can anchor a whole diet. **Context matters** - Hot dogs and bologna can fit a low-carb emergency or travel context even though their score falls with processing and sodium-to-potassium concerns. - A low-carb or ketogenic filter could reasonably change scoring weights for sodium, saturated fat, fiber, and carbohydrate-related ratios. - Food scoring should allow dietary context, such as keto, vegan, vegetarian, or omnivorous patterns, because constraints change the practical question. - Restrictive diets can reduce overeating partly by limiting variety and removing highly rewarding trigger foods. **Carbohydrates and metabolic context** - Many traditional populations ate substantial starch or carbohydrate without modern metabolic disease. - The human body can thrive with carbohydrates or without carbohydrates, depending on the person and context. - High carbohydrate intake is poorly matched to many clinic patients with severe obesity, insulin resistance, knee pain, and low activity. - DIETFITS-style work shows both high-fat/low-carb and low-fat/high-carb approaches can improve insulin resistance when food quality improves. **Animal-source foods and environment** - The conventional environmental message that animal foods are simply worse for the planet is too simple. - Animal-source foods have nutritional strengths, environmental costs, and production trade-offs that depend on food type, location, ecosystem, and scale. - Livestock can harm land and emissions when produced poorly, but circular systems can use grass, crop residues, and inedible plant materials. - Legumes and diverse plant systems can supply nitrogen, but plant-only agriculture is not an automatic solution for soil, nutrients, or ecosystems. - Large ruminant populations existed historically on North American grasslands, but modern land ownership, markets, and production systems limit direct revival. - Better animal-food production requires best practices, incentives, ecological fit, and recognition that there is a limit. **Guidelines and common ground** - The 2025–2030 US dietary guideline process included a scientific group with sections on vegetarian and vegan nutrient adequacy and life-stage nutrition. - The strongest common ground is real food, nutrient density, lower ultra-processed foods, lower refined carbohydrates, and lower added sugar. - Criticism often targets messaging, graphics, process, and transparency more than the core food guidance. - The new guidance puts animal-source and plant-source proteins on the same level, unlike prior guidance that pushed more plant protein. - A middle-ground view can look extreme when the old mainstream sits far toward one side. References - [00:59] Dr. Atkins' New Diet Revolution — - [01:10] The Protein Power Lifeplan — - [01:12] Ornish Lifestyle Medicine — - [02:31] Effect of 6-Month Adherence to a Very Low Carbohydrate Diet Program — - [03:02] A Low-Carbohydrate, Ketogenic Diet versus a Low-Fat Diet to Treat Obesity and Hyperlipidemia — - [03:02] Effect of a Low-Carbohydrate, Ketogenic Diet Program Compared to a Low-Fat Diet on Fasting Lipoprotein Subclasses — - [03:02] The Effect of a Low-Carbohydrate, Ketogenic Diet versus a Low-Glycemic Index Diet on Glycemic Control in Type 2 Diabetes Mellitus — - [07:40] Associations of Fats and Carbohydrate Intake with Cardiovascular Disease and Mortality in 18 Countries from Five Continents (PURE) — - [08:55] The Carbohydrate-Insulin Model of Obesity: Beyond “Calories In, Calories Out” — - [14:48] Ultra-Processed Diets Cause Excess Calorie Intake and Weight Gain: An Inpatient Randomized Controlled Trial of Ad Libitum Food Intake — - [21:04] Micronutrient Deficiencies Among Preschool-Aged Children and Women of Reproductive Age Worldwide — - [22:14] Nutrient-Dense Foods and Diverse Diets Are Important for Ensuring Adequate Nutrition Globally — - [25:33] Perspective: Nutrient Bioavailability Is the Missing Ingredient Connecting Food Systems to Nutrition Security and Environmental Sustainability — - [27:14] Hunter-Gatherer Energetics and Human Obesity — - [28:53] Effect of Low-Fat vs Low-Carbohydrate Diet on 12-Month Weight Loss in Overweight Adults and the Association With Genotype Pattern or Insulin Secretion: The DIETFITS Randomized Clinical Trial — - [29:02] Weight, Insulin Resistance, Blood Lipids, and Diet Quality Changes Associated with Ketogenic and Ultra Low-Fat Dietary Patterns: A Secondary Analysis of the DIETFITS Randomized Clinical Trial — - [29:35] Nutritional Value Score Rates Foods Based on Nutrient Density and Noncommunicable Disease Prevention — - [42:45] Friend or Foe? The Role of Animal-Source Foods in Healthy and Environmentally Sustainable Diets — - [50:51] Scientific Foundation for the Dietary Guidelines for Americans — - [50:51] The Scientific Foundation for the Dietary Guidelines for Americans Appendices — - [51:08] Dietary Guidelines for Americans, 2025–2030 — ::: - [08:05] “There’s a lot of issues with the observational, where you have this residual confounding. Even though you try to adjust for all of the confounding, you can’t really adjust for it all.” - [10:05] “1.4 hazard ratio or odds ratio is the best we see... I’m sorry, it’s not large enough. It’s not big enough.”"
youtube:UgyddL_wtpA3QzpF6sF4AaABAg.A6Xeuhw4VBFA6Y3GltjQ-T,youtube,0.6,thread_title,"TANAM STRAWBERRY HIDROPONIK, KAK LINA &  CAREN ! #shorts #tanam #strawberry #hidroponik #satisfying","Iya kak, ini tanpa. Tanah kak.."
youtube:UgyeMrx9XB-LFsmHLYp4AaABAg.ABhrt4nZPgZADDYjC1HvCH,youtube,0.6,thread_title,How to Grow an Indoor Garden (Chaotically) #shorts #houseplants #hydroponics #gardening #plantcare,@ohtheplacesyoullgrowI added 4L instead of 6L and some plants have white spots and brown spots on the tip. What should I do? Did you add 3L of water or 4-6L? Help 🥺
youtube:Ugw2y5QjGK-e1awFmJt4AaABAg.9sH45SduE8D9trVqW4LKwU,youtube,0.6,thread_title,Turorial Membuat Instalasi Hidroponik 250 Lubang Tanam Lengkap Total Biaya dan Analisa Usaha,"​@cropfarmmungkin maksud abangnya masih belum detail ngasih tau pengoperasian pompa nya, tau tau udah ngalir"
youtube:Ugyaw69zXca_PRr12TF4AaABAg,youtube,0.6,thread_title,🤦‍♂️Petani Hidroponik Amatir🤦‍♂️ Tanaman Hidroponik Busuk Akar + Layu Bakteri+Busuk Jamur🤣 kok Nagis,Waduh mantap ilmunya
youtube:UgxCC0k7B49HOX9FuGJ4AaABAg.ADebycNRfq_APwygxjoAdC,youtube,0.6,thread_title,OMZET 50 JUTA MENGGIURKAN BISNIS HIDROPONIK  #petanimilenial #hidroponik #pertanian #pengusahamuda,​@ToniXiomiibisa wa ke 081227711019
youtube:UgwKrWkM7VSKzcKKuyF4AaABAg,youtube,0.7,thread_title+weak_term,Menanam Kangkung Hidroponik di Starter kit,tyus nutrisinya belinya dmn ..tyus namanya
youtube:UgxiViqlmJicxwv9NSV4AaABAg.9_fWm-6oLKA9j3s5oopKur,youtube,0.7,thread_title+weak_term,INI BUKTI HIDROPONIK BIKIN RUGI..!!!! JANGAN BERHIDROPONIK,"@indraputrasitio2919 beda tanaman beda masalah, tapi faktor utama tanaman adalah lingkungan. Karena hama itu musiman. Contoh : seorang petani hanya punya 1 lahan kebun ,Karena lahan tidak dapat berpindah otomatis tanaman jenis apapun akan ditanam dikebun itu juga. Dengan keadaan lingkungan yg sama. Padahal tidak semua tanaman cocok dgn lingkungan tersebut. Nah skrg saya jawab pertanyaan tentang kangkung, Pernah lihat nggak kangkung tumbuh subur dan lebat diselokan atau pinggiran parit? Saya sering menjumpai itu. Tapi ketika ada kangkung yg ditanam dibelakang rumah,kadang tidak sesubur itu Yaitu karena faktor lingkungan, yg dibutuhkan kangkung lingkungannya adalah tanah basah / kaya akan air, dan pupuk (air selokan itu biasanya kaya akan kandungam pupuk) Ini yg saya bicarakan selokan pedesaan yg selokannya belum banyak tercemar bahan kimia. Kalau selokan perkotaan kayaknya saya blm pernah lihat ada kangkung tumbuh."
youtube:UgyrMNOsKqZKKfUu_sV4AaABAg,youtube,0.7,thread_title+weak_term,Hidroponik Tanpa Listrik #hidroponiksistemwick #hidroponikpemula #hidroponikrumahan,"Berapa ukuran ppm airnya,, ya?"
youtube:UgwM7_KCZrGHC3BtTCR4AaABAg,youtube,0.6,thread_title,Build an Automated Hydroponic System,"COOL VIDEO, MAN! I LIKE A FEW THINGS IN IT: INFORMATION CONTENT, VIDEO SPEED AND HAMMER!)))"
youtube:UgxtSaPWyMDTHi_QPH54AaABAg.9SMGNVNMS0Q9SkrrdTPZA5,youtube,0.6,thread_title,Cara meracik pupuk nutrisi tanaman hidroponik,"Ok, sm2..smg bermanfaat..,🙏"
youtube:Ugw2aQTcu_e32FrmnW54AaABAg,youtube,0.6,thread_title,DIY Hydroponic System at Home Using PVC Pipe – Easy Tutorial,Very cleverly done.
youtube:UgzVuk8PcqFlPG_ghxh4AaABAg.AW17p2mFRv2AW3P4Vr7awf,youtube,0.6,thread_title,Sustainable Hydroponic Fodder Farming for Animals & Birds,False only under test condition cannot be done in large scale grain too expensive😮😮
youtube:UgwYTjObCln_1iR34PV4AaABAg,youtube,0.6,thread_title,HYDROPONICS | Punla hanggang Harvest ‼️COMPLETE BEGINNER'S GUIDE,Can I have for strawberries?
youtube:Ugy-qxDbDQ5Bgc-5BzR4AaABAg,youtube,0.6,thread_title,This High-Tech Grass Feeds Cows All Year — Even in Snow! Hydroponic Farming #hightechfarming,"Sure, you could do it. But the cost to start up, the increased labor to maintain, and the sheer amount you would have to grow to maintain proper caloric intake for your live stock is going to make the meat insanely expensive for the consumer."
youtube:Ugyw6KNamRc2peETSS94AaABAg,youtube,0.6,thread_title,Tabel PPM dan pH Nutrisi Hidroponik #Belajar Hidroponik,Nah kebutuhan tiap tanaman tiap hari gmn ngeceknya
youtube:Ugx5gFXl464FrgheQPZ4AaABAg,youtube,0.6,thread_title,Hydroponics: 5 Tips I Wish I Knew (as a Beginner),Nice content per usual!
youtube:UgzyFGAsazcmEU2z1YF4AaABAg,youtube,0.6,thread_title,How to Grow Kratky Hydroponic Tomatoes,i may try this at home esp in the dry month or winter here in fl.
youtube:Ugxh7jhDXdd9FM2I3wp4AaABAg,youtube,0.6,thread_title,Sawi hidroponik dari semai sampai panen | tutorial Hidroponik pemula,"mantap kak,mau cobala..."
youtube:Ugx33NWrEjrIwtMqq114AaABAg,youtube,0.6,thread_title,How I achieved 200%+ Oxygen in my hydroponic system! ,You can over saturate the water if you use nanobubbles small nozzles too (oknozzle make small ones)
youtube:UgxlBiKFGjGbJ4_iJGB4AaABAg,youtube,0.6,thread_title,CARA MENANAM DAUN BAWANG HIDROPONIK DI RUMAH | Cepat Panen #daunbawang #tipsberkebun,Tanam daun bawang tumbuh bawang..😂😂
youtube:UgyuZjYGkfJiuvSbduV4AaABAg.9rcHT47XDcQ9rcsjd_Uomb,youtube,0.6,thread_title,Menambah air nutrisi pada tandon hidroponik #sayur #hidroponik,Terimakasih bang
youtube:Ugw6wcBKRmIpDzidyf54AaABAg,youtube,0.6,thread_title,Online Monitoring & Kontrol Nutrisi Otomatis Tanaman Hidroponik NFT/DFT dari Aplikasi Android,Mohon pencerahannya @tech wan
youtube:UgzpEn5N-u1Xcrf7FoB4AaABAg,youtube,0.6,thread_title,Can you grow orchid in water? #orchidcare #hydroponics #orchidcollection,"But what I was gonna say is I moved one of my parcels are actually a couple of my small ones a couple cuttings and one of my main little plants that I had that I had in water. I moved them into my Betta fish tank because he needed some plants and literally within a couple days I saw so much new growth and new stems even not just new leaves, but new stems forming and new roots and the roots were rooting on things it’s amazing so I actually moved a couple more of my cuttings into the fish tank. I am super excited and I think this will definitely make me think about getting fish again more fish anyways so that I can grow more plants in the fish tanks. I probably wouldn’t get a huge fish tank again right now just because I don’t have my own place and I’m gonna move soon but maybe one more Betta fish tank would be fun maybe one for my bedroom window."
youtube:Ugz89gwu7z1QCOeW4vt4AaABAg,youtube,0.6,thread_title,penyebab sayur hidroponik layu di siang hari🥀 #hidroponik #sayuranhidroponik #berkebun,Salam mas pengen belajar sama sampean. 😂
youtube:UgzjFSKzhCeajlXWrrV4AaABAg,youtube,0.6,thread_title,Cara menanam kangkung hidroponik dari biji dibotol bekas,Kalau boleh tau apa nama pupuknya itu mas
youtube:UgwkH8uicEvnB8y9yxt4AaABAg,youtube,0.6,thread_title,Cheap & Easy DIY Hydroponics | Ditch the expensive stuff for a $1 Pool Noodle,So creative!
youtube:UgzUe0j2AZZyTnzn43h4AaABAg,youtube,0.6,thread_title,Product Link in Comments - Green Life Vertical Hydroponic Home Gardening Kit,"Could I get more information I would love to do that, Or do you sell the design I wouldn't mind"
bluesky:at://did:plc:ky22ifdv5pna5aukchjkplke/app.bsky.feed.post/3maxnrk4tpx2o,bluesky,0.7,bagasse_growing_context,,"🍃 Bagasse is the fibrous leftover from sugarcane after sugar is extracted—what mills used to burn or discard. We turn that waste into strong compostable lids, plates & clamshells perfect for holiday drinks & food. Waste becomes packaging! #HappyHolidays #Christmastime #takeout #Bagasse​"
youtube:UgxRI6TtfyIzGXNmoXx4AaABAg,youtube,0.6,thread_title,Menikmati Panen Sehat dengan Hidroponik yang Hemat Air,sangat menginspirasi anak anak untuk becocok tanam di lingkungan sekolah
youtube:UgxM7qSg0ZYZlhnQh6F4AaABAg,youtube,0.6,thread_title,$10 Hydroponic Tower Garden Cheap & Easy,"Everytime I watch your videos I'm inspired. Still 5ft of snow up here, but downspouts I bought from you are wonderful til we can grow volume outside. Can't wait to try out this bucket system. Thank you💖"
youtube:Ugy3kIPLEv7t3to_S2F4AaABAg.99pBbv4AjaD99sgeb7Oy_u,youtube,0.6,thread_title,INSTALASI HIDROPONIK SEDERHANA (perincian modal dan hasil),Amiiin. Trimakasih nggeh
youtube:Ugxa-vrmwh5DnQ7PYRB4AaABAg.A5KEIujxs1zA8lomu7COPm,youtube,0.6,thread_title,Turorial Membuat Instalasi Hidroponik 250 Lubang Tanam Lengkap Total Biaya dan Analisa Usaha,cempaka bjb bang
youtube:Ugy4YraHnqGuhaRqzK14AaABAg,youtube,0.6,thread_title,Build an Automated Hydroponic System,Amazing. I want to get my students working on this. Awesome video
youtube:UgziJTS5PDhY69Z5Vf94AaABAg,youtube,0.7,thread_title+weak_term,Tanam Cabe Hidroponik Dengan Kerikil & Genteng Dalam Ember | Dutch Bucket,Berapa PPM nya
youtube:UgzJ4-FT4FHEVTYNTAx4AaABAg.9UJMt_feaSc9XHUCTym05c,youtube,0.6,thread_title,INI BUKTI HIDROPONIK BIKIN RUGI..!!!! JANGAN BERHIDROPONIK,"Ah gak juga... Tergantung orangx sih, ada orang yg bisa produksi tapi gak bisa masarin produk, ada yg punya pasar tapi gak bisa produksi, intinya manusia hidup harus terus belajar..."
youtube:UgzTORxbOcrBywP5cel4AaABAg,youtube,0.6,thread_title,DIY Hydroponic System at Home Using PVC Pipe – Easy Tutorial,18 mins for us - whole day taken for you. Thanks 😊
youtube:Ugy_r18ln7f2jRMpuFx4AaABAg,youtube,0.6,thread_title,Aerogarden clean with me. #aerogarden #garden #grow,Nice❤.
youtube:Ugw48NbI5CRWbwPZlr54AaABAg,youtube,0.6,thread_title,Sustainable Hydroponic Fodder Farming for Animals & Birds,Cow steak taste the best ❤
youtube:UgxuOL7On_S7NM478ip4AaABAg,youtube,0.7,thread_title+weak_term,CARA KERJA DAN PENEMPATAN POMPA VENTURI DALAM HIDROPONIK SISTEM RAKIT APUNG:,The air pump operates 24 hours
youtube:Ugx5aH5aPDLkH94qr-J4AaABAg,youtube,0.6,thread_title,Learn To Grow Massive Roots In Your DWC/RDWC Hydroponics System! #shorts #hydroponics,I need pro tips for a beginner asap!
youtube:UgycDLkmsiN4ovRYkQJ4AaABAg,youtube,0.6,thread_title,Air Baku Yang cocok untuk Hidroponik | Pemula Wajib Tau ini..!!!,Air tetesan ac bersih juga ya 😊
youtube:UgztxWjwlJgJ4Xsr1it4AaABAg.983CdpO4i9b983KhE1vloz,youtube,0.6,thread_title,Membuat ab mix nutrisi hidroponik bahan komposisi dan fungsinya,"@WartaTaniTVCh TERIMA KASIH MAS, MUDAH2AN MAS MURAH REZEKI,SEHAT SELALU DAN SUKSES"
youtube:Ugz2aOXa8IakLybWUgV4AaABAg.A8J7dexC1FaA8breDg-rAs,youtube,0.6,thread_title,Growing Fodder in an Indoor Hydroponic Farm,Roughly 350-400 kWh weekly
youtube:UgydG1sG6KTXE1cvH4d4AaABAg.9w1INMTlHHz9wFzz68ivny,youtube,0.6,thread_title,Growing Fodder in an Indoor Hydroponic Farm,North or South?
youtube:Ugx50azQqgMymK3Gv-94AaABAg.A7-L1ZB_dGCA7-PrJVQX84,youtube,0.6,thread_title,"Hidroponik ala aku hanya pakai streofoam bekas, tips dan panduan untuk Kalian",Iya enak banget heheh
youtube:UgzpBjkhlxB7Zp1BSrF4AaABAg.9CuD6KbKlls9CuFUFA6pn8,youtube,0.6,thread_title,Cara Mudah Membuat Meracik Nutrisi Hidroponik Irigasi Kapiler Sendiri,Oke bang. Selamat menanam
youtube:Ugy8WzjR80LqXZyn2xh4AaABAg,youtube,0.6,thread_title,Deep Water Culture (DWC) Hydroponics System Tutorial,I don't think 5 foot plants would do well in those little pots ;)
youtube:UgwQ5Dy_d2tU_EQPND54AaABAg,youtube,0.6,thread_title,Petani Muda Jual Sayur Hidroponik 60Kg/Hari Dengan Strategi Pelayanan,"Ilmu semua yang beliau sampaikan,mantaps"
youtube:UgzKN7t_w-r3tFbNEdF4AaABAg,youtube,0.6,thread_title,🤦‍♂️Petani Hidroponik Amatir🤦‍♂️ Tanaman Hidroponik Busuk Akar + Layu Bakteri+Busuk Jamur🤣 kok Nagis,Rocky gerung
youtube:UgwJEDNh55U91q1z12V4AaABAg.A-bil_f1VsWA-bxtKYqOEe,youtube,0.6,thread_title,YT Batas Tertinggi Suhu Air di Tandon Hidroponik,Semua sistem aman dan baik untuk dipakai.. selama paham penggunaannya..
bluesky:at://did:plc:4xhmehz5zokyl44jfjgevqzt/app.bsky.feed.post/3loihj4k3uj24,bluesky,0.7,bagasse_growing_context,,Mahasiswa di Surabaya Olah Kulit Pisang dan Ampas Tebu Jadi Pupuk -
youtube:UgwUONFfCCrR2ujEa_V4AaABAg,youtube,0.6,thread_title,Hydroponic coriander #shorts,Excelente iniciativa 👏👏👍Muchas gracias
youtube:UgznxICBqdY8-cpN-9J4AaABAg.AHPasJEVPY2AHQVL1xvcni,youtube,0.7,thread_title+weak_term,Cara memberikan nutrisi tanaman hidroponik,@muhammadkhanifazhar1952 coba ganti alat tds nya bang
youtube:UgyLXqwOCahxDURrbUh4AaABAg,youtube,0.6,thread_title,Memanfaatkan balkon rumah untuk berkebun. #gardening #hidroponik,Ide yg sangat bagus .
youtube:UgyoGkzB9oPpTPyWhYt4AaABAg.9aaNJ1ym_mj9adVviz--ss,youtube,0.6,thread_title,Sawi hidroponik dari semai sampai panen | tutorial Hidroponik pemula,"Halo,. Bisa coba pake pestisida nabati"
youtube:UgxFRgweHtd-CvLrovh4AaABAg,youtube,0.6,thread_title,Product Link in Comments - Green Life Vertical Hydroponic Home Gardening Kit,I want to buy
youtube:UgxmCC3ZdZ_5TjvtN_t4AaABAg.9ocKgueRBQy9rtSGUWD3Q_,youtube,0.6,thread_title,Cheapest Water Chiller for Small Hydro RDWC DWC,​@HowWeedGrowHow hot is your water without the chiller?
youtube:UgzLXNn0w9KMLwCTUll4AaABAg,youtube,0.6,thread_title,Membuat ab mix nutrisi hidroponik bahan komposisi dan fungsinya,takarannya berapa aja ? trus untuk pekatan berapa liter ya pak ? maaf banyak tanya
youtube:UgxM_ALvrGXbNnBqqc94AaABAg,youtube,0.6,thread_title,hidroponik di genteng #hidroponik #budialba #aquaponik,bisa lapis 2 ya kayaknya atas nya di buat tinggat hemat tempat
youtube:Ugy5zqkz4NpH9WlgZfx4AaABAg,youtube,0.6,thread_title,"TUTORIAL.❗ MENGUKUR NUTRISI TANAMAN DAN MEMBUAT LARUTAN KALIBRASI TDS METER | Hidroponik, Greenhouse","Terimakasih tutor ilmunya kawqn, semangat terus sukses selalu. Salam pemula"
youtube:UgzK4cjnbEkrioqwYml4AaABAg.9_HLOkOub5B9_K3Qvk67FG,youtube,0.6,thread_title,Online Monitoring & Kontrol Nutrisi Otomatis Tanaman Hidroponik NFT/DFT dari Aplikasi Android,@arjunendekan6510 di video saya yg lain ada sensor dri dfrobot yg industri bisa lumayan lamaa di rendam
youtube:Ugwc3CCKPYRHFIWJykt4AaABAg,youtube,0.6,thread_title,"BERHASIL MERAGA SUKMA, MERUBAH MASA DEPANNYA JADI BOS TANAMAN HIDROPONIK PUNYA GREEN HOUSE BESAR",Salam sehat bahagia kaya raya berkelimpahan uang mengalir terus aamiin 🤲 yaa Allah 🤲 saya mau ikut pelatihan mas Yunus dan bisa mendapat ilmu mas Yunus ❤
youtube:UgyJi1v-AAFiv5WiIix4AaABAg,youtube,0.6,thread_title,Bahaya Berkebun Pakai Hidroponik,keren petani berhasil
youtube:Ugx5qo_Wd8Lz4OljC0B4AaABAg,youtube,0.6,thread_title,Cara meracik pupuk nutrisi tanaman hidroponik,Tutorial yng bermanfaat sekali kak
youtube:UgwLE6xfzKDi3yJjv7t4AaABAg.A3P9O2OomEsALdonIo4T8Z,youtube,0.6,thread_title,Petani Muda Sukses Budidaya Selada Hidroponik - Vale Farm Hidroponik Solo,Jual di laut bang😅
youtube:UgyRhBuOQuaYliZmoux4AaABAg,youtube,0.6,thread_title,Bahaya Berkebun Pakai Hidroponik,Mantap sekali 👍
youtube:Ugw30g_3LKcoEdqPEBl4AaABAg.99WDzULXn9B9CLjF8UJpuA,youtube,0.7,thread_title+weak_term,RAHASIA CARA MEMBUAT SENDIRI NUTRISI HIDROPONIK AB MIX,"10 : 10 : 1,sebaiknya gunakan tds meter,atur ph di 6"
youtube:Ugz7jPbz3nSaaw5RiRd4AaABAg.AOwNk5X7HHBAP2SghMg4oK,youtube,0.6,thread_title,Menanam sayuran hidroponik pemula dari semai sampai panen,Yeayyy... Semangat berkebun☺
youtube:Ugxx4JOm5DvIcV8GvQB4AaABAg,youtube,0.6,thread_title,RAHASIA CARA MEMBUAT SENDIRI NUTRISI HIDROPONIK AB MIX,Mas brti klo mau bikin pekatan 5 liter tinggal ambil setengahnya aja ya?
youtube:UgyZL2fsVxus3pQMXYx4AaABAg,youtube,0.6,thread_title,KESALAHAN HIDROPONIK PEMULA,Terimakasih atas ilmunya
youtube:UgxUyhSxWQfV5SNzLT54AaABAg,youtube,0.6,thread_title,Cara meracik membuat nutrisi ab mix untuk hidroponik murah dan hasilnya bagus,Bisa diaplikasikan ke tanaman tambulampot anggur kah pak ?
youtube:UgyhmeUuVer6QvLsBxN4AaABAg,youtube,0.6,thread_title,Got P500 to Invest? Learn Hydroponics Farming (TUTORIAL) | OG,"hello, saan tayo ka order nyan na legit, love it thanks"
youtube:Ugw0MZnah48QduDbxs14AaABAg.9x3eT2HiGe19x6Dp9MCFwo,youtube,0.6,thread_title,Best Video for Failed Gardeners and Hydroponic Beginners,"@KeepOnGrowin oh, well, have a great harvests"
youtube:UgzGAW9eSGkmmn6eICV4AaABAg.9A-jg5LozuU9ERuBAIps8N,youtube,0.7,thread_title+weak_term,Kenapa Sayuran Hidroponik Daunnya Menguning ?  & Cara Mengatasinya #Belajar Hidroponik,coba cek nutrisi atau ganti merk nutrisi dg merk yg lain
youtube:Ugyle6I6G0BkSKNi0PR4AaABAg.A7qGW1fUtqAACHjZyLcMOG,youtube,0.6,thread_title,How to Grow Hydroponic Strawberries in Your Home,"I’ve had great luck with the Spiderfarmer SF-600. Looks like they have an Australian site. Plus I heard about them through Hoocho, who’s an Aussie. So I suspect you’ll be able to get em."
youtube:Ugx6gZ6AfaiRiIYIDEF4AaABAg,youtube,0.6,thread_title,Installing The Hydroponic System,Great system
youtube:UgwbIFoTGlWGEzHkcNt4AaABAg.9YtTVbqplQh9Yt_yupzkxZ,youtube,0.6,thread_title,Cheapest Water Chiller for Small Hydro RDWC DWC,@HowWeedGrow Keep up the good work!
youtube:UgwaTYXv84kHzJEToaN4AaABAg,youtube,0.6,thread_title,DIY Solar-Powered Hydroponic System Using PVC Pipes! 🌱 | Off-Grid Garden Hack by DIY with Sam,Do you get alge growing in the pipes. Since theyre white?
youtube:Ugzz4IfLJ9WMHpq-RsZ4AaABAg,youtube,0.6,thread_title,Membuat Hidroponik Online monitoring dan Kontrol Nutrisi Otomatis dari Aplikasi Android Mudah,Udah mulai di jual bang set alatnya?
youtube:Ugyf7G3T1lsnudLUcS54AaABAg.A0b6RAFNd7RAGymdLUV2ZV,youtube,0.6,thread_title,"TUTORIAL.❗ MENGUKUR NUTRISI TANAMAN DAN MEMBUAT LARUTAN KALIBRASI TDS METER | Hidroponik, Greenhouse",Ganti batrei kemungkinan
youtube:UgymNo36VlIeMmeGL5R4AaABAg.9wTuDxjLLiJ9wTvBbg9YWO,youtube,0.6,thread_title,Panduan Menanam Selada Hidroponik Lengkap,Gaada
youtube:UgxoV8_Dy9fuOc4RQaB4AaABAg,youtube,0.6,thread_title,our home 💚 #farm #urbanfarm #garden #hydroponics #plants #healthy #basil #hobby #viral  #food,jealous
youtube:UgwuSZ9wBwcL9-7qD7V4AaABAg.9z0r9mAmx7sA-DNEh6RTew,youtube,0.6,thread_title,cara lengkap membuat instalasi hidroponik sistem nft part 2 MEWAH TAPI MURAH,Terima kasih 🙏
youtube:Ugz3t8512iqx2y-e3dx4AaABAg.9dYRvXRiit-9dYUmFOR6hh,youtube,0.6,thread_title,cara menanam kangkung hidroponik di ember | 20 hari panen |,Aamiin
youtube:UgwtWKFQBHtIW_GTCWh4AaABAg,youtube,0.6,thread_title,PERKEMBANGAN KANGKUNG HIDROPONIK YANG HAMPIR MATI DAN MENGUNING,Pake tutup talang stryofoam apakah suhu air di tandon tetap dingin atau hangat?
