run_id,source,started_at,ended_at,status,requests,raw_files,objects,note
stackexchange_20261007T185820Z,stackexchange,2026-10-07T18:58:20Z,2026-10-07T18:58:39Z,SUCCESS,20,,1217,
bluesky_20261007T185820Z,bluesky,2026-10-07T18:58:20Z,2026-10-07T19:02:00Z,SUCCESS,220,,3421,
mastodon_20261007T185820Z,mastodon,2026-10-07T18:58:20Z,2026-10-07T19:02:20Z,SUCCESS,218,,7812,
hackernews_20261007T185820Z,hackernews,2026-10-07T18:58:20Z,2026-10-07T19:03:19Z,SUCCESS,374,,10859,
lemmy_20261007T185820Z,lemmy,2026-10-07T18:58:20Z,2026-10-07T19:06:00Z,SUCCESS,266,,10338,
youtube_20261007T192204Z,youtube,2026-10-07T19:22:04Z,2026-10-07T19:22:04Z,NOT_CONFIGURED,,,,YOUTUBE_API_KEY missing
academic_20261007T192501Z,academic,2026-10-07T19:25:01Z,2026-10-07T19:26:15Z,SUCCESS,,,677,crossref_checked=48
youtube_20261007T201713Z,youtube,2026-10-07T20:17:13Z,2026-10-07T20:22:27Z,SUCCESS,,,1539,units=6976
youtube_20261007T202238Z,youtube,2026-10-07T20:22:38Z,2026-10-07T20:25:22Z,SUCCESS,,,1539,units=7445
reddit_20261007T202552Z,reddit,2026-10-07T20:25:52Z,2026-10-07T21:32:17Z,SUCCESS,335,,3269,"{'keyword': (35, 1809), 'comments': (300, 1460)}"
forums_gardenweb_stopped,forums_gardenweb,2026-10-07T19:05:00Z,2026-10-07T21:32:28Z,PARTIAL,,,,stopped manually at corpus freeze; remaining thread links uncollected
