record_id,semantic_duplicate_of,platform,text_model
bluesky:at://did:plc:2wwz64hkfrhljlat3zcoubp7/app.bsky.feed.post/3mwgwo3q3qf2c,bluesky:at://did:plc:ggdqndqx4p44m26w4tu27evq/app.bsky.feed.post/3mwgwe4uokb25,bluesky,Indoor gardening improves mental health and quality of life for cancer patients #Science
bluesky:at://did:plc:6q7s53rp7yfvc3dtvc3wowr7/app.bsky.feed.post/3ma7vkbbf2a2o,bluesky:at://did:plc:sdmas34o5b3cnzyrvzvqafrf/app.bsky.feed.post/3ma7sy5zu5z2f,bluesky,The Best Plant and Gardening Gifts From LetPot (2025) I encountered for the first time LetPot as a brand featured me earlier this year when testing their LPH-SE Senior Hydroponic Growing System for my guide to the best indoor gardening systems. Positioned as an alternative to the long-beloved OG...
bluesky:at://did:plc:7kwvecjzjdauibmbhwjgheth/app.bsky.feed.post/3mwzyx3t75s2z,bluesky:at://did:plc:7kwvecjzjdauibmbhwjgheth/app.bsky.feed.post/3mwgkepl4lc2z,bluesky,GOAL! 16' — K. Kratky scores for Jiskra Domažlice. Admira Praha 0–2 Jiskra Domažlice. 3. liga - CFL A #admirapraha #jiskradomazlice #3ligacfla
bluesky:at://did:plc:a3ul5q5rkrk4im4sesowx4b3/app.bsky.feed.post/3mppdzfbow42x,bluesky:at://did:plc:gg2zgjclkvcuj5hkhdnd4lnf/app.bsky.feed.post/3mppdt4e7ly2r,bluesky,"🚨 EUVD-2026-41466 📊 5.1/10 🏢 Gardyn 📝 The admin panel lacks standard security headers, enabling clickjacking and cross-site scripting attacks. 🔗 #potatosecurity #infosec #cve #euvd"
bluesky:at://did:plc:cnu3fiulvaubfvzvhe6lrkl5/app.bsky.feed.post/3mwqt4jvvza2j,bluesky:at://did:plc:cnu3fiulvaubfvzvhe6lrkl5/app.bsky.feed.post/3mwbqbwcsii2e,bluesky,World Lost Sectors for Sep 30th 📍 Veles Labyrinth 📍 Bay of Drowned Wishes 📍 Skydock IV 📍 Bunker E15 📍 K1 Logistics 📍 Hydroponics Delta 📍 The Conflux 📍 The Blooming Deep 📍 Sepulcher
bluesky:at://did:plc:cnu3fiulvaubfvzvhe6lrkl5/app.bsky.feed.post/3mx7xgzmdny2s,bluesky:at://did:plc:cnu3fiulvaubfvzvhe6lrkl5/app.bsky.feed.post/3mwbqbwcsii2e,bluesky,World Lost Sectors for Oct 6th 📍 Veles Labyrinth 📍 Bay of Drowned Wishes 📍 Scavenger's Den 📍 Bunker E15 📍 K1 Revelation 📍 Hydroponics Delta 📍 The Conflux 📍 The Blooming Deep 📍 Sepulcher
bluesky:at://did:plc:ghp7jyzksbjodt7o4733ytve/app.bsky.feed.post/3mu32hi6yiw2d,bluesky:at://did:plc:2ekiuyc7f2fyrykz4kdyjxav/app.bsky.feed.post/3mtudux5cx22c,bluesky,🔥 AeroGarden Grow Anything Seed Pod Kit (9-pod) ✅ 21% OFF — Now $18.08 (was $22.99) 💰 You save $4.91! 👉 #FrugalTree #Deals #Sale #Amazon #Savings #DealAlert #AmazonDeals
bluesky:at://did:plc:lkmm2r7zciuu4n25mccrhb26/app.bsky.feed.post/3kuvxhjrwik2d,reddit:t3_1dfzna6,bluesky,"First run First attempt at running hydro I believe DW with an air pump. Garlic, radishes and pumpkins May 30th – June 10th. Water Ph 6.2-6.4, General hydroponic blend. by What_Are_WeDoing"
bluesky:at://did:plc:lkmm2r7zciuu4n25mccrhb26/app.bsky.feed.post/3kxatjhcklf2o,reddit:t3_1e33xh7,bluesky,DWC – Water Blending Calculator Hi to everyone. I am a DWC hydroponic grower and was tired of the time-consuming post-adjustments of water parameters. So I created this tool to simplify reservoir refills or dilutions by ...
bluesky:at://did:plc:lkmm2r7zciuu4n25mccrhb26/app.bsky.feed.post/3ma7zr2fvbb2p,bluesky:at://did:plc:6q7s53rp7yfvc3dtvc3wowr7/app.bsky.feed.post/3ma7vkbbf2a2o,bluesky,The Best Plant and Gardening Gifts From LetPot (2025) I first encountered LetPot as a brand earlier this year while testing its LPH-SE Senior hydroponic growing system for my guide to the best indoor ...
bluesky:at://did:plc:lkmm2r7zciuu4n25mccrhb26/app.bsky.feed.post/3mibvdxkikk23,reddit:t3_1s7rpjs,bluesky,Is this mold? I am very new to hydroponics and planting in general. Is this mold? What should I do about it? by Hairy-Explanation-36
bluesky:at://did:plc:lkmm2r7zciuu4n25mccrhb26/app.bsky.feed.post/3mqzhn7wnsy2f,mastodon:https://vive.im/users/afg/statuses/116948097238464480,bluesky,Looking for a pre-made NFT hydroponic kit (3 tiers) that ships — plus a question about VIVOSUN’s grow sponges Hi all — planning a small vertical ...
bluesky:at://did:plc:lsoweykmlgc3xd6or7fydezf/app.bsky.feed.post/3mwnlrxkbm22m,bluesky:at://did:plc:lsoweykmlgc3xd6or7fydezf/app.bsky.feed.post/3mwnlquap4k2m,bluesky,Garden Design App for Smarter Garden Planning & Ideas Discover a smart Garden Design App that helps you plan beautiful and personalized gardens with ease. gardenova.ai
bluesky:at://did:plc:myutg2pwkjbukv7pq2hp5mtl/app.bsky.feed.post/3mimsaypwrt22,bluesky:at://did:plc:myutg2pwkjbukv7pq2hp5mtl/app.bsky.feed.post/3mims662mkg2s,bluesky,"CVE-2026-32646 - Gardyn Cloud API Missing Authentication for Critical Function CVE ID : CVE-2026-32646 Published : April 3, 2026, 9:17 p.m. | 1 hour, 20 minutes ago Description : A specific administrative endpoint is accessible without proper authentication, exposing dev..."
bluesky:at://did:plc:oc4o2ufcryvezvxssuq36lxs/app.bsky.feed.post/3lyksqfhai72e,mastodon:https://mastodon.social/users/ratusa/statuses/115185799892859725,bluesky,"Hidroponik Pekarangan: Cara Memulai Bisnis Sayuran Segar di Rumah #Pugur - #Hidroponik Pekarangan: Cara Memulai #Bisnis Sayuran Segar di Rumah - Kebutuhan masyarakat akan pangan sehat terus meningkat seiring kesadaran akan gaya hidup yang lebih baik. Sayuran segar, bebas pestisida, dan #higienis..."
bluesky:at://did:plc:okqs3um7pl2q6aoxrbvofuq4/app.bsky.feed.post/3mrrqbfzqcc2r,mastodon:https://flipboard.social/ap/users/116645460340649695/statuses/117002830431398380,bluesky,Thinking about hydroponic farming? Learn the key pros and cons before you start. 🌱 harisharandevgan.com/blogs/advant... #Hydroponics #SmartFarming #SustainableAgriculture
bluesky:at://did:plc:rfjpewb64trqsust7vzissf2/app.bsky.feed.post/3mqzli3im5c2n,bluesky:at://did:plc:rfjpewb64trqsust7vzissf2/app.bsky.feed.post/3mqxddyump22n,bluesky,🟢 en suite trash 🟢 extend hakama himo (saturday) 🟢 keiko (sunday) 🟢 hang with fam (sunday) 🟡 laundry 🟡 dishes 🟡 tidy surfaces ⚪ sweep ⚪ gardyn maintenance ⚪ paint nails ➡️ wire the deck ➡️ replace curtain lines ➡️ unpack shoeboxes
bluesky:at://did:plc:vrcsr5hdv3bsi47jqbtjmsxi/app.bsky.feed.post/3msrxratsvk2t,bluesky:at://did:plc:vrcsr5hdv3bsi47jqbtjmsxi/app.bsky.feed.post/3mshqqyly2f2a,bluesky,"AeroGarden Harvest XL Indoor Garden Hydroponic System, White only $80.94 (Reg $120.71)"
gardenweb:gw_a7357860,gardenweb:gw_a7357855,gardenweb,"""@ homehydro, When cherry used the term ""ignorant question"", he was actually referring to himself, respectively to the question that followed. Well, although English isn't my mother tongue at all, I got that part right and straight away from this end. ;-)"" Sorry for the confusion, but if he/she would have said ""sorry about asking such a ignorant question"" that would make it more clear. That's good English where I come from."
gardenweb:gw_a7388212,gardenweb:gw_a7388209,gardenweb,"You mentioned that some of the stems have random brown marks on them... This is characteristic of late blight and is nasty. It will ultimately kill your tomato plant and rapidly infect any other tomato plants you have nearby. I sincerely hope you don't have this, I lost all my toms to late blight this year, gutted! This website may help you: And also here: As for the lettuce, I grow mine in DWC and the raft type system, I don't let the EC go above 1.4 and keep the pH at 6.0"
gardenweb:gw_a7391105,gardenweb:gw_a7391190,gardenweb,"If you are talking about the General Hydroponics Maxi-Grow powder then yes I have used them. I find that it disolves easier in warm water. I think I usually used between 1/4 to 1/2 tsp per gallon of water for lettuce. I have lately switched to the Flora-Magic since it is a more general purpose nutrient so that I don't need to buy separate grow and bloom formulas and I can therefore get a discount for buying in bulk. If all I was growing was lettuce, I would probably still be buying the Maxi-Grow. The one 1.5 lb package I had of it probably lasted me 8 months."
gardenweb:gw_a7397077,gardenweb:gw_a7397075,gardenweb,"""Take off as much as you can by shaking, then cut off as much of stem and thick parts as you are able. Then put all the remaining bunches in a bucket, fill some water in an keep it moist (covered). The roots (organic part) will disintegrate (rot). You may add somme effective microorganisms with sugar, or 1-2 tee spoons of nitrogen per gallon (calcium nitrate) to accelerate the process. After 2 weeks or so there will only be perlite and some stinky waste which you can use as fertilizer in your garden. Clean well and sterilize the perlite."" Now that sounds like a very smart solution. I've just tried my own not-so-smart idea with less success: I fished one of the massive root/perlite balls out of the recycling bin, and stuck it in a large tank of water. I was hoping that with shaking, the perlite would sink to the bottom, and the bits of roots to the top. No such luck: about half the perlite floated, and half sank. Same for the roots: a more disgusting brew cannot be imagined :( Where would I get these microorganisms then, if I were to buy some? What kind? ""Please note that there is different calibration of perlite, up to 10mm (.40) if I am not mistaken (8mm for sure). This caliber is even better for tomatoes (not for growing seedlings, though) and it obviously ""disentangles"" much better from root parts. And yes, Hydroton pebbles can be removed even easier."" Bigger perlite sounds like a good idea - it's very fiddly stuff when small. Also, Hydroton seems to be twice the price of perlite, and I'm going to be needing a lot, so I might have to stick with perlite whether I like it or not. I'll fish that clod of perlitic roots out of the bin again then, and try the rot test for the next few weeks and report back. Thanks very much for all the helpful advice!"
gardenweb:gw_a7397369,gardenweb:gw_a7397365,gardenweb,Another Image Here is a link that might be useful: {{attachment:798708}}
gardenweb:gw_a7397372,gardenweb:gw_a7397369,gardenweb,One more image Here is a link that might be useful: {{attachment:798707}}
gardenweb:gw_a7404995,gardenweb:gw_q1998008,gardenweb,"Q: My water PPM is 300. I want nutrient PPM of 500. In such a case after adding the nutrient should I be aiming for a PPM of 800? A: Yes, definetely Q:Should I use underground water (borewell) that has been softened by a water softening unit (ion exchange method of water softening) or Reverse Osmosis (RO) water? The underground water PPM is 300 PPM while the RO is A: I would bypass the water softener. It introduces sodium, which is not such a good idea for plants. One thing you could consider is to cut down on your calcium content, since that comes free with your borewell water. Bonus !"
hackernews:20596058,hackernews:20593832,hackernews,"“It’s crazy that more people don’t know about this,” said Marty Kratky-Katz, the founder of Blockthrough, which lets publishers monetize using Adblock Plus’s Acceptable Ads program. “I don’t think they mean any harm or have any malicious intentions. But it’s not like they were experts in balancing publisher monetization, or like they were elected. They’re just four dudes.”Reading the article, ""balancing publisher monetization"" provoked an immediate visceral vocal response from me. Truly hilarious."
hackernews:20880213,hackernews:20869528,hackernews,HydroBot – open source hydroponic farming
lemmy:https://europe.pub/post/6992011,lemmy:https://lemmy.ml/post/39643521,lemmy,"November 2025 Getting Grounded: Local Sources Amidst Farming Crisis - Rochester Red Star >by Elizabeth Henderson > >Even with predictions of a colder winter than usual, the creative efforts of local farmers will make it possible for us to buy locally grown fresh and stored food. The Public Market and the Brighton Farmers Market stay open year-round. In November the Brighton market moves from the parking lot at the high school (1150 Winton Road) to an indoor space (1435 Westfall Road). A few exceptionally skilled farmers, like Schenk Homestead in Naples, have figured out how to grow greens year-round using hoop houses. > >At the Public Market, you need to look sharp to find the local food. Though resale vendors predominate with produce from wherever, there are many area farms like Mason’s in Williamson, a major supplier of organic greens for Wegman’s with hundreds of acres of IPM fruit, Lagoner Farms in Williamson, Moss Family Farm, one of the few African-American-owned farms in our area, and Small World Foods that sells fermented foods made from local ingredients and also carries vegetables and mushrooms from other farms. Bolton Farms sells hydroponic produce, not as tasty as soil-grown, but fresh in the dead of winter. For meat eaters, there are some small local meat producers – Clearview sells beef and some produce, Heiden Valley Farm and Fisher Hill Farm have chicken and eggs, Seven Bridges sells beef, pork and chicken. I always stop to see what Alexander, a lone African-American homesteader, has to offer – unusual greens he grows himself and wild-crafted foods like ramps or sassafras that never make it to stores."
lemmy:https://scribe.disroot.org/post/3288762,lemmy:https://sopuli.xyz/post/29282930,lemmy,"Immigrants to Germany and the European Union are more highly educated than ever before, according to a new study The [Rockwool Foundation Berlin (RFBerlin) [opens pdf]]( reports that 32.1% of migrants from non-EU countries had a university degree or equivalent qualification in 2024 — up from 30.9% in 2023. The study, released Monday, describes this as a ""record level"" and part of a continued upward trend over the past decade. In Germany, the share of highly educated non-EU migrants rose from 29.4% to 31.1% over the same period. For migrants from other EU member states, the percentage holding a tertiary qualification climbed from 33.8% to 35.2% EU-wide, and from 28.6% to 30.1% in Germany. ""This continuous rise in education levels highlights the potential migrants bring to EU labor markets,"" said Tommaso Frattini, co-director of the Center for Research and Analysis of Migration at RFBerlin and professor at the University of Milan. He said that if migrants' skills are fully utilized, ""they can be a key driver of economic growth across the EU."" More and more immigrants are coming to Germany to work. In 2024, the proportion of foreign employees was just over 16%. It has more than doubled since 2010. Employment in medical professions is disproportionately high. More than one in six doctors is a foreign citizen. So it was an issue of concern last week when the Institute for Employment Research (IAB) at the Federal Employment Agency said it had found that other countries are more attractive to economically successful foreigners and one in four say they are considering leaving Germany. Many of them are quoting discrimination as a reason."
lemmy:https://slrpnk.net/post/12223188,lemmy:https://slrpnk.net/post/12178994,lemmy,"“The beginner's guide to hydroponic garden, plus DIY Containers and Homemade liquid nutrients” cross-posted from: > For those of you who are doing hydroponics, what do you think of this system? Is it a good system for a beginner on a budget? Or is there a better system?"
mastodon:https://climatejustice.social/users/solarpunkpresents/statuses/113183804636007204,lemmy:https://slrpnk.net/post/10881153,mastodon,"Episode 5.7: Building Dual Power, with Andre Rosario [aka HydroponicTrash] André Rosario (aka HydroponicTrash) joins us this week on the podcast to tell Ariel all about dual power - what it is, how it fits in with solarpunk, and how people can mobilize it in their daily lives. Their conversation ranges from the history of the term dual power, to examples from André’s own life, to the concept of mutual aid, the importance of imagining a better world, how to build relationships as an introvert, and even includes a discussion of human nature. #Episode #Season5 #YouTube #SolarpunkPresentsPodcast #podcast #solarpunk #DualPower #HydroponicTrash #Hydroponics @hydroponictrash #MutualAid #SolarpunkFiction #BetterWorlds #SocialJustice #SocialChange #Neighborhood #Neighbourhood #CivicPower #Cities #UrbanSolarpunk"
mastodon:https://mastodon.social/users/chronicallydave/statuses/111895771782146666,lemmy:https://mastodon.social/users/chronicallydave/statuses/111895771782146666,mastodon,"2 rezone requests: U-Haul on Profile Pkwy OK’d, former Worm’s Way land north of town denied @bloomington_in #Rezone #Hydroponic #U-Haul #Worm'sWay #MonroeCounty #Planning"
mastodon:https://universeodon.com/users/UpstartCrow/statuses/109707025255422053,mastodon:https://universeodon.com/users/UpstartCrow/statuses/109705519739331544,mastodon,"MKSinSA @MKSinSA My highly-motivated self finally whipped my #procrastinating self, so here are the words my previous profile version promised. #Peace #Vegetarian #NatureLover #DogsOfMastodon #YesITriedToSnatchACatOffTheStreetRecently #BlackJoy #BlackFriday #Liberal (#AmIRadical? #CantTell) #Photojournalist #PublicAffairs #Retired #Army #OldPeopleOfMastodon #HydroponicGardening #Hydroponics #Gardening #Sunset #Bend #Oregon #pnw #gimp #DigitalArt"
mastodon:https://vive.im/users/afg/statuses/116706439128706809,mastodon:https://vive.im/users/afg/statuses/116561015435331895,mastodon,Purpz hsc blütetag 56 😳 #hydro #HydroponicGardening #hydroponics
mastodon:https://vive.im/users/afg/statuses/116708129088113012,reddit:t3_1tz68ne,mastodon,Hydroponic indoor farming with LED’s ☀️ #hydroponics
mastodon:https://vive.im/users/afg/statuses/116766765600289413,reddit:t3_1u890wq,mastodon,2 weeks into flower rest of plant seems fine but I spotted this on a main head female parts below and ontop it but I’m not sure Wyt? Hydro coco grow #hydro #HydroponicGardening #hydroponics
mastodon:https://vive.im/users/afg/statuses/116793118830570296,mastodon:https://vive.im/users/afg/statuses/116776745299533076,mastodon,Hydroponic Trough System Part 2 #hydroponics
mastodon:https://vive.im/users/afg/statuses/116821178795668568,mastodon:https://vive.im/users/afg/statuses/116548742991493759,mastodon,Purple Punch Update: #hydro #HydroponicGardening #hydroponics
mastodon:https://vive.im/users/afg/statuses/116831186179617767,reddit:t3_1uifduh,mastodon,Tiny Hydroponic Setup for Tiny Begonia Pup #hydroponics
mastodon:https://vive.im/users/afg/statuses/116849710518425531,mastodon:https://vive.im/users/afg/statuses/116783579617732058,mastodon,Day 28F. #hydro #HydroponicGardening #hydroponics
mastodon:https://vive.im/users/afg/statuses/116897325134302288,mastodon:https://vive.im/users/afg/statuses/116788152580386744,mastodon,Blueberry Cupcake day 36 flower #hydro #HydroponicGardening #hydroponics
mastodon:https://vive.im/users/afg/statuses/116913804712210788,mastodon:https://vive.im/users/afg/statuses/116562556678598367,mastodon,Opinions? #hydro #HydroponicGardening #hydroponics
mastodon:https://vive.im/users/afg/statuses/116915350141579674,mastodon:https://vive.im/users/afg/statuses/116797169137838785,mastodon,Week two or four of flower #hydro #HydroponicGardening #hydroponics
mastodon:https://vive.im/users/afg/statuses/116934877176148670,mastodon:https://vive.im/users/afg/statuses/116506189525682785,mastodon,Hell yeah #hydro #HydroponicGardening #hydroponics
mastodon:https://vive.im/users/afg/statuses/116962084097970460,mastodon:https://vive.im/users/afg/statuses/116706439128706809,mastodon,Desde semilla #hydro #HydroponicGardening #hydroponics
mastodon:https://vive.im/users/afg/statuses/117064842856415547,mastodon:https://vive.im/users/afg/statuses/117010594873786699,mastodon,Day 72 update #hydro #HydroponicGardening #hydroponics
mastodon:https://vive.im/users/afg/statuses/117072640654715987,mastodon:https://vive.im/users/afg/statuses/116706439128706809,mastodon,Root P*rn 🤩 #hydro #HydroponicGardening #hydroponics
reddit:t1_jzdw5vp,reddit:t1_jzdtvvz,reddit,"hydroponic yg profitable itu harus yang large scale, you plant and sell multiple products with high quality, which mean harus bebeas hama dan kualitasnya top. karena hidroponic itu pure tanpa tanah, perawatannya harus intense dan tentunya modalnya juga harus besar. beberapa hal yg harus diketahui dalam hidroponics; 1. tempatnya harus di dalam greenhouse yg ditutupi sama insect net. kenapa? untuk meminimalisir diserang hama. sebenarnya bisa juga di luar greenhouse, tapi peluang terserang hama besar, dan harus rutin disemprot pestisida which can reduce the quality of the products. 2. nutrisi tanaman dari pupuk kimia, untuk menjaga kualitas tanaman tetap tinggi. kalau ada hormon-hormon juga bisa untuk membantu pertumbuhan tanaman (metabolit sekunder). 3. membuat hidroponik yang ""Pure"" organik itu sulit banget, harus mempertimbangkan nutrisi yg harus diserap tanaman. sementara hidroponik itu tanpa tanah, bakteri2, microorganims yg mensuplai nutrisi ke tanaman itu kecil, hampir tidak ada. jadi buat menyeimbanginya harus pakai pupuk kimia. 4. suplai air harus jalan terus, pompa, paralon, jalur laju air harus sering2 di bersihkan biar gaada alga yang nyumbat. karena klo kering dikit bakal layu 5. pH, kandungan amonia di air harus dijaga stabil. 6. dll. gw pernah kunjung ke salah satu petani hidroponik yang berpengalaman, beliau berhasil nanam padi di hydroponics, dan katanya pure organik. jadi saluran air yang mensuplai nutrisi ke tanaman itu disambungkan ke kolam ikan."
reddit:t3_11h0xku,reddit:t3_11h0w79,reddit,Sharing a rainproof kratky tower bucket garden.🌱😊
reddit:t3_11npopi,reddit:t3_11gx1be,reddit,"Day 21 Left Side Cookies n Cream F3 by STS, Right Side Sour Crack by Mephisto"
reddit:t3_120v6a6,reddit:t3_11tz2jn,reddit,"Day 35 Left side Cookies n Cream F3 , Right side Sour Crack"
reddit:t3_126o0am,reddit:t3_126nxt1,reddit,Just ordered 6 of these lights for my barn farm. Has anyone used these?
reddit:t3_13p7hp0,reddit:t3_13j5rim,reddit,"My Hydroponic Greenhouse, Year 4, second week of growth, May 22nd 2023"
reddit:t3_13v8xil,reddit:t3_13j5rim,reddit,"My Hydroponic Greenhouse, Year 4, third week of growth, May 29th 2023"
reddit:t3_13v8zzj,reddit:t3_13v8xil,reddit,"My Hydroponic Greenhouse, Year 4, third week of growth"
reddit:t3_13yerrk,reddit:t3_13yemtl,reddit,Happy Friday Everyone! Sharing with you a recent experiment of growing TURNIPS on a Kratky Method!🌱😊
reddit:t3_140z5yr,reddit:t3_13v8xil,reddit,"My Hydroponic Greenhouse, Year 4, fourth week of growth, June 4th 2023"
reddit:t3_143972d,reddit:t3_13pol2s,reddit,MARS HYDRO TSW2000 | ILGM | THE 3X3 MARS HYDRO GROW [WEEK 4]
reddit:t3_1483hra,reddit:t3_13v8zzj,reddit,"My Hydroponic Greenhouse, Year 4, fifth week of growth"
reddit:t3_149qi0,reddit:t3_149p4h,reddit,"Combination DWC & Drip System - Good idea or overkill? I am new to hydroponics, but have been researching the various options I have. Here's a diagram of the system I'd like to build: (two top boxes are the grow tanks with water stones in bottom, and drip lines for each net pot.) I'd like to use both DWC and drip in order to avoid problems with maintaining water pH and nutrient levels in individual DWC containers. The idea is water circulates by being pumped from holding tank through drip lines and into DWC bucket, causing overflow water to flow back into holding tank. Is this common? Do you foresee problems? Is this overkill? **EDIT:** *Thanks everyone for all the useful input, will keep you posted on how it turns out.*"
reddit:t3_14evwek,reddit:t3_13p7hp0,reddit,"My Hydroponic Greenhouse, 6th week of growth, June 20th 2023"
reddit:t3_14gvfc,reddit:t3_14grad,reddit,This is my father's invention. It is a self-contained hydroponic system that runs all on solar. What does r/hydro think of it? [x-post from r/gardening] All input is appreciated!
reddit:t3_14h0jo,reddit:t3_14gvfc,reddit,This is my father's invention. It is a fully self-containted hydroponic system that runs on solar. What does r/hydro think about it? [x-post from r/gardening]
reddit:t3_14kyheq,reddit:t3_14evwek,reddit,"My Hydroponic Greenhouse, 7th week of growth, June 27th 2023"
reddit:t3_14n109z,reddit:t3_13tyaqv,reddit,The AirCube Ebb & Flow Grow: Episode 4 Nuclear Dawn Genetics
reddit:t3_15irgxu,reddit:t3_14n0ypn,reddit,Week 11 Update: Growing with MARS HYDRO TSW2000 and ILGM
reddit:t3_15lamx9,reddit:t3_15lam8s,reddit,First Time Kratky in China! Unusual Nutes Q
reddit:t3_15ugwuj,reddit:t3_15jliiy,reddit,Spider Farmer G3000 Grow | Week 12 | Nuclear Dawn Genetics
reddit:t3_18l3aw0,reddit:t3_18l2w4n,reddit,"Kratky Method with Click and Grow Thought I'd share that I've had great success converting my Click and Grow to the kratky method where the nutes are added directly to the water and my grow medium is reusable (saves $). I take half sheets of paper towel, cut them into ~1"" wide strips, slide them through the wick hole at the bottom of the cups, fill with clay pebbles, make a small cradled ""nest"" with the paper towel near the top where I then place the seeds, cover with a few more pebbles and place the cups in the Click and Grow. I use a 1.5L wine bottle and add 1tsp of MaxiGrow + house filtered water, shake, and fill each water tank about once per week. No other maintenance needed. The paper towel is absorbed by the plant and vanishes after a couple of weeks but by that time the roots have already grown into the tank. I also drilled a few holes at the bottom of each cup to facilitate additional root growth. No issues with mold or dying plants after testing this for a few plants cycles. Just rinse and sanitize the clay pebbles in the oven after each grow cycle. I'm a big fan of this method because it makes for fast growing and predictable plants, is cheaper (use your own seeds and reusable grow medium), and is zero waste. This harvest photo was taken 30 days after sewing. 🌱"
reddit:t3_1bc195n,reddit:t3_1b8kjvz,reddit,Hydroponic Strawberry Cultivation: Essential Tips for Growing Strawberries in Hydroponics
reddit:t3_1bf4syw,reddit:t3_1bddxpl,reddit,Revolutionizing Farming with Hydroponic Container Farms and Shipping Containers
reddit:t3_1bflcgz,reddit:t3_1bb4tka,reddit,Exploring Outdoor Hydroponic Gardening: A Step By Step
reddit:t3_1bfmmz5,reddit:t3_1bflcgz,reddit,The Magic of Hydroponic Outdoor Gardening: A Comprehensive Guide
reddit:t3_1cp2suf,reddit:t3_m8czbd,reddit,Modular 3D Printed Vertical Hydroponic System
reddit:t3_1dofwmy,reddit:t3_1dofryi,reddit,"Why is my basil lacking magnesium? Why is my basil lacking magnesium? It's a bit hard to see in the picture, but my basil is showing beginning interveinal chlorosis. So I guess this is a magnesium deficiency. I'm using Terra Aquatica TriPart (GH Flora Series). They recommend 1.8mL/L Grow + 1.2mL/L Micro + 0.6mL/L Bloom. I substituted this for 3mL/L Grow, as I didn't want to buy all three for my first hydro experiments. I first thought ""now I need the Micro part for magnesium"", but the magnesium is actually in the Grow part and not in the Micro part (see below). My theory is that this is caused by my very hard tap water with very high calcium (101ppm) and low magnesium (14ppm). From what I understand, the high calcium can inhibit magnesium intake. Would the three parts of TriPart not be enough for this tap water? Do I need to add extra magnesium or use bottled water? The plant has grown substantially from two leaves to this size in just two weeks. I haven't changed or refilled the nutrient solution (not even refilled with water) in these two weeks. Could that be relevant somehow? From what I can tell with litmus paper, the pH is constant around 7. I know this is a bit too high, but every source I found says that high pH causes iron and manganese deficiencies, not magnesium. The Grow contains: - NPK: 3-1-6 - 3 % N; 1 % N-NH4+; 2 % N-NO3- - 1 % P2O5 - 6 % K2O - 0,8 % MgO The Micro Hardwater (that I am missing) contains: - NPK: 5-0-1 - 5 % N; 1,5 % N-NH4+; 3,5 % N-NO3- - 6 % K2O - 0,01 % B - 1,4 % CaO - 0,01 % Cu-EDTA - 0,12 % Fe-Chelat (6 % EDDHA, 11 % DPTA) - 0,07 % Mn-EDTA - 0,02 % Zn-EDTA - 0,002 % Mo"
reddit:t3_1el1qws,reddit:t3_1ebi8kf,reddit,"My hydroponic greenhouse, 11 weeks of growth."
reddit:t3_1esillw,reddit:t3_1el1qws,reddit,"My hydroponic greenhouse, 12 weeks of growing."
reddit:t3_1grskw1,reddit:t3_1grsdqg,reddit,Convenient Pain Management: Buy Oxycodone 10 mg Online
reddit:t3_1iuau19,reddit:t3_1iuafhp,reddit,Beet greens (and beets) in 4-gal bucket.
reddit:t3_1jmqbdi,reddit:t3_1jmgvb6,reddit,"First Time Ebb And Flow, Read Caption Im Planning to get a 4x4 flood tray thats 7inch deep , going to use either 4inch or 6 inch rockwool, Is a 40 gallon water reservoir enough ? And is a 792 GPH pump enough for this ? Or what GPH pump do you guys recommend ?"
reddit:t3_1ntxj09,reddit:t3_1ntx77m,reddit,Hydroponic Spinach white spots My spinach has developed these white spots. Grown hydroponically under lights. No sign of pests. The spots go right through to the other side of the leaf. Any ideas about is happening appreciated.
reddit:t3_1nuc6gg,reddit:t3_1nuc2ed,reddit,First grow and about to harvest. How did I do? Day 70 in flowering. I asked for help a few months ago so this is kinda an update post on how it went. I'm growing Black Cat Kush.
reddit:t3_1nul0zz,reddit:t3_1nukawf,reddit,"Bag seed from unknown strain, first grow This is my first ever grow in Hydro (R)DWC. You can see the grow-setup on my account if youre interested. Those are 190 single pictures taken with the Xiaomi 14 Ultra. The Strain is unknown...""Tropical(...)""-something. The mother-plant wasnt purple at all 🤷🏻‍♂️"
reddit:t3_1puiqli,reddit:t3_1puin34,reddit,Is anyone else growing hydro giant pumpkins or regular pumpkins?
reddit:t3_1s3nz1f,reddit:t3_1s3nw2g,reddit,Kratky tomatoes leaves curling and turning yellow Just transplanted this spoon tomato into my new tank. I am using a 10” net pot filled with Hydroton. Tank is currently charged to 1.8EC of MaxiGro 10-5-14 Temp 64.5F Ph 6.1 Light intensity 10k lux Anybody have any ideas of what to try? I am new to Kratky
reddit:t3_1s5844e,reddit:t3_1s581tt,reddit,"Mold in Bud Hi everyone, I'm new to growing weed. I just started trimming the branches to begin the drying process, and I noticed a strange spot on one of the buds. Is that mold, or am I just tripping? P.S Thanks for the help"
reddit:t3_1s6lkqw,reddit:t3_1s6lgbb,reddit,"Had to shift the balance of power in the reveg vs seedling fight. The seedling is now in 4.5gal pot, but the reveg has roots to bottom water already! Stay tuned"
reddit:t3_1sbola,reddit:t3_1sbnt6,reddit,Peppers...soon. Please feel free to leave critiques and suggestions. Details in comments.
reddit:t3_1uee00t,reddit:t3_1uedxou,reddit,I believe if you let a plant fade more it smokes smoother. What are yall's thoughts?
reddit:t3_1v8zad,reddit:t3_1kyc38,reddit,How to make a DIY deep water culture hydroponic system
reddit:t3_1v9qsm,reddit:t3_1v9pwr,reddit,Royal Gold: Coco Fiber Growing Mediums Par Excellence
reddit:t3_1w64t50,reddit:t3_1w4xq9b,reddit,"I am trying to grow lettuce for my final project. Hi, I’m in my final year of a technical high school program, specializing in chemistry. My project for the ""Professional Internship"" course initially focused on treating contaminated or high-salinity water using water hyacinths to reduce salt content; however, I abandoned the idea because cultivating them proved impractical. I couldn't get past the initial growth stage, so the plants died and I had to discard them. I looked for other plants effective at absorbing salts (specifically land plants) and found several options; I eventually settled on green mustard (Brassica juncea). This is my first time growing a plant indoors, so I don't have much gardening experience. I water it a couple of times a day if the soil dries out. It’s been 12 days since I planted it, and nothing has happened. Do you have any recommendations or recipes for hydroponic solutions that help seedlings grow? EDIT 03/09/26 On Tuesday morning, I left the plant in a cabinet with an LED light, the kind that turns on when you plug in the cord. I missed school that afternoon, so I didn't check on it, but the soil usually stays moist enough to last until the next day. Yesterday, Wednesday, I stopped by around midday and saw that the first sprout had emerged, so I sent photos to everyone I know lol. [Yesterday the bud was closed, and today it looks like this.]("
reddit:t3_1wyd2d0,reddit:t3_1wy59do,reddit,"Two-level hydroponic systems Hello, I just came across a new two-level hydroponic system from a brand that’s already been discussed here. What do you think of the concept?"
reddit:t3_2meg7d,reddit:t3_2mefua,reddit,Iceponics Root Porn. . . Burr it's chilly
reddit:t3_3whj77,reddit:t3_3wcmdb,reddit,Leca - Light Weight Expanded Clay Aggregate Supplier India
reddit:t3_48ac0d,reddit:t3_484ruf,reddit,Free eBook for anyone also wanting to learn Aquaponics!
reddit:t3_48acwh,reddit:t3_48ac0d,reddit,Free eBook for anyone also interested in learning Aquaponics
reddit:t3_4ic2v3,reddit:t3_4gfm9c,reddit,Day 18 update [Heirloom Salad Greens kit]
reddit:t3_4o43w4,reddit:t3_4o2hyp,reddit,"Hello, I'm interested in learning about hydroponics for fun (and later, profit) What learning resources do you recommend?"
reddit:t3_57ylpn,reddit:t3_57yeff,reddit,Alternative to Windowfarms? It looks like the community has completely died. I'm curious if there are people still building these types of hydroponic systems. Does anyone know of an online community building something similar? I know of the system but the thing is damned ugly. It also appears that it works best outdoors which doesn't work for my situation. Thank You!
reddit:t3_5ba3t4,hackernews:11816216,reddit,Hydroponics For Dummies: Step-By-Step Guide To Get Anyone Started
reddit:t3_5zca13,reddit:t3_5z6n2l,reddit,We are trying to get started and looking for advice/ideas We are actually trying to do a wall set up with the peg board and we aren't even close to being finished with everything. I'm wondering if anyone could give any recommendations about where to go with the wall set up. I have posted this on the other Hydroponics sub as well.
reddit:t3_60v5k0,reddit:t3_5zmvhc,reddit,"Episode 3 - Growing Indoor Hydroponic Mouse Melons, Cucamelons"
reddit:t3_6i6fpq,reddit:t3_6i08k7,reddit,Get A FREE $259.00 Auto-Pot Hydroponics System + A $179.00 Eddy Just Signing Up Your Family And Friends! {Ends 7/31}
reddit:t3_6w3nbt,reddit:t3_6w3lq4,reddit,Can someone help me identify where I can get this plumbing component?
reddit:t3_6yo74n,reddit:t3_6yo6fw,reddit,What is this brown residue in my DWC reservoir? (more details in comments)
reddit:t3_7m93jt,reddit:t3_7m92zv,reddit,Best plants for hydro? I think lettuce is a great one. I love some fresh cut lettuce.
reddit:t3_7yy0ki,reddit:t3_678pi4,reddit,"How to Grow Strawberries in an AeroGarden, Part 1"
reddit:t3_823gzo,reddit:t3_823dvg,reddit,General Hydroponics Nutrients I have a question.. on the bottle is says for starting out... 1/4 teaspoon per gallon.. which is 1.25ml/gallon.. on their site it says 2.5ml/gallon. Why is this? What amount should I be using? Anyone notice this before?
reddit:t3_84m400,reddit:t3_7ymjyc,reddit,Growing Watermelon in an AeroGarden Part 2
reddit:t3_9de00g,reddit:t3_9dd8de,reddit,I developed a bamboo fiber microgreens mat! Makes it super easy to clean and prep trays.
reddit:t3_c3qbll,reddit:t3_c3qa66,reddit,Kratky Cherry Tomato is making a huge comeback since I moved it outside!
reddit:t3_d1t5if,reddit:t3_d1ax55,reddit,Italian Basils cultivated with Kratky method
reddit:t3_d8t0w9,reddit:t3_d8sp1o,reddit,What the hell is this on my kale plant?!
reddit:t3_eb9lh2,reddit:t3_eb9ke6,reddit,Our finished DIY custom vertical rack lights for leafy/petite greens! Wanted to share with you guys
reddit:t3_ec3ivb,reddit:t3_ec36kx,reddit,How to keep this plant alive to maturity without usual management. All the specifics in comments
reddit:t3_ed1xxx,reddit:t3_ed1xiu,reddit,Hello reddit! This is my hydroponic system!
reddit:t3_ednfej,reddit:t3_ednfaz,reddit,Pakistan Hydroponics - Tomato Plants in Plastic Cups
reddit:t3_eemj8n,reddit:t3_eecs8v,reddit,Random tomato sprouts found in aquarium filter week 8 update.
reddit:t3_ehs2ow,reddit:t3_ehrstq,reddit,An homage to Jeb Gardener. 10 days after throwing the seed on.
reddit:t3_fmweea,reddit:t3_fmup4g,reddit,How to Build a Hydroponic Seedling/Clone Propagation System
reddit:t3_kk6wv4,reddit:t3_kk6rc5,reddit,NEW Help pls- salad greens- what is it? There is some white/yellow damage on at least one leaf in every pod I’ve planted. This is 2 weeks in. Just gave the water more vitamins. Using tap water in NJ. Help please.
reddit:t3_kq9own,reddit:t3_kpyvkq,reddit,Strange pathogen intruder in my hydroponic radish setup project - White floating moldball with thousands of strands of mold hair (Suspecting to be a family of the Oomycota) -- See in the comments for further specifications and troubleshooting
reddit:t3_n69yz,reddit:t3_mw37y,reddit,Hydroponics Gardening | Hydroponics Plant Nutrients
reddit:t3_nfubwl,reddit:t3_nfub0j,reddit,Green onions regrown in water (transplant to kratky)
reddit:t3_o36ga0,reddit:t3_o36f6u,reddit,What would cause sudden chlorosis in new tomato growth? This Orange Hat tomato plant looked green and healthy five days ago.
reddit:t3_o9beba,reddit:t3_o9b8cv,reddit,Kratky Flower & Herb Containers for a garage sale
reddit:t3_oam5sx,reddit:t3_oam2wp,reddit,After 8 weeks I harvested 1.5 lbs worth of lettuce
reddit:t3_osu7r,reddit:t3_nr68x,reddit,Grow Marijuana Indoors using Hydroponics Systems
reddit:t3_pf671g,reddit:t3_pf65fh,reddit,Market data insights of home hydroponics Can anyone help me with the insights of demographics of hydroponics/home gardening in the US?
reddit:t3_ptvv8l,reddit:t3_pky5v3,reddit,"My Hydroponic Greenhouse, 22 weeks of growth... still lots of peppers coming in."
reddit:t3_pydad2,reddit:t3_pxvl29,reddit,The Float Box: Fabric Pot Hydroponic System
reddit:t3_vfdxqc,reddit:t3_vfdwxu,reddit,I successfully increased the flow to 2.5L/min for each of the 10 vertical towers.
reddit:t3_vkdspc,reddit:t3_vkdew2,reddit,As we are experiencing tremendous heat these days. Here are some alternative growing outdoor - Krakty method.🌱🙂
reddit:t3_vq0j5t,reddit:t3_uzybs7,reddit,"My Hydroponic Greenhouse, Week 9 update for 2022. Lots of growth this week, so cool to see."
reddit:t3_x16w3n,reddit:t3_wvz5hc,reddit,"My Hydroponic greenhouse, week 17 update for 2022. Lots of tomatoes, beans and peppers this week"
reddit:t3_xcptd7,reddit:t3_xcprtt,reddit,How can I cut down on the algae? This can't be healthy for cactus
reddit:t3_xmab9v,reddit:t3_xma4y0,reddit,If you like to try a smal dutch bucket set up with no pump or no power. This nutrient drip system is worth a try. It can easily be upgraded if you prefer to recirculate the system in the future just put the pump in🌱😊
reddit:t3_xqg6bp,reddit:t3_x6fia5,reddit,What is the difference between these two grow lights?
reddit:t3_xri1sr,reddit:t3_xksbhk,reddit,Day 28 All Mephistos and one Blueberry from nasc🤙
reddit:t3_zmqfp,reddit:t3_zmprg,reddit,"[Aeroponics]Help Please?! Leaves yellowing from the edges and moving inwards. Spray coverage and spray type not sure about. Hi guys, I'm basically test growing three plants (geraniums) I dug out the garden (yes I know it's a little bit slap dash). They are fed every 15 minutes via 6-7 spray jets of water. The water has the suggested amount of nutrients. Currently I have a two part nutrient system from Canna Aqua (I think it's the Vega type). I'm after help on the following things. 1. What should the spray coverage be? I'm pretty sure the roots are always moist and have droplets on them. But do I need more, the jets bouncing around the container seem to work, or does it really have to be a fan of water, or a mist? 2. Why do you think the leaves are yellowing from the edge inwards? What is this a symtom of? 3. At what point do I know my system is failing, I know that plants can last for ages when just given water? Just trying to get my prototype aeroponic system working before I start on plants I care about... Edit: I should probably mention that there is water in the bottom of the container containing the plants and a few of the longer roots from each plant are resting in the water. Update for those that care: Put it on a really weak feed for a couple of weeks, the white roots came through like a dream, swapped to full feed concentration and I have shoots, new leaves and flowers all over the place, cheers!"
reddit:t3_zwpolb,reddit:t3_zwpohu,reddit,"I have over 400 Bato Trough Dutch Pots Buckets 11 Liter that I am looking to sell I am based in Dallas, Texas. I have over 400 Bato buckets available. All with companioning elbows. Looking to sell all as one lot for $2,000.00 or the best offer. I will consider larger quantities, it is burdensome for smaller orders. I can also meet if needed or deliver!! [ Edit: 513 total! Just counted them all out"
youtube:Ugw-HZGZoV2lrzYvQbB4AaABAg,youtube:UgxLGSu_FQwDAr9aBeh4AaABAg,youtube,Makasih infonya..sangat bermanfaat..mas ee
youtube:Ugw0G4YqbtvMpRj1F2x4AaABAg.A4udMzddmP9A4w6-JrkaQw,youtube:UgyXOnWgmz8es6Xr9hR4AaABAg.9NssxnHI7jP9NtZj1Y978h,youtube,"Terimakasih, salam kenal. semoga bermanfaat"
youtube:Ugw0cbn63ZMhC11Yabh4AaABAg.8qfzeODQ8K68rQXy0sjDKd,youtube:UgzgZEHD8QnPGR_j3Bt4AaABAg.8qYlmoS6VTZ8qZy3o6q008,youtube,"@smarthydroponicbyronnytanu357 Terima kasih, Pak."
youtube:Ugw0zMx9j0ttQX4Eih14AaABAg,youtube:UgyWn04gYeK2YkprmIR4AaABAg,youtube,tutorial yg sangat bermanfaat sekali kawan 🙏🏻
youtube:Ugw1qeHYDSh2UXMTu7l4AaABAg,youtube:UgwaWChqYQeszev1w9l4AaABAg,youtube,What a great video! Thank you for sharing your knowledge
youtube:Ugw2FSmOy6KFZCtqlT94AaABAg,youtube:Ugzv-SOBugc0VZRs4d54AaABAg,youtube,"Sangat bermanfaat, trimakasih sharingnya"
youtube:Ugw2fN3FVpMaEqT233V4AaABAg,youtube:Ugw4Lof2hHK_prksgYJ4AaABAg,youtube,Sangat bermanfaat. Terima kasih banyak bang🙏
youtube:Ugw4W4Lp5nykGWbMGSx4AaABAg,youtube:UgyR2DT7-XkRTVczGVR4AaABAg,youtube,Trimakasih mas indra ilmunya sangat bermanfaat
youtube:Ugw51jdQsc2RWU_hjbZ4AaABAg.ABDNf8WULl5ABEpu5araNo,youtube:Ugwx9DG91_UzbE16zVZ4AaABAg.A3qL9Xirc6RA3qs6AfDWOx,youtube,Meron lo link sa description Ka-Backyard..
youtube:Ugw78MoWyrgk_zYa4O54AaABAg,youtube:UgwlCFkG0r18pcyWZhN4AaABAg,youtube,terima kasih sangat bermanfaat untuk dicontoh
youtube:Ugw7MC3uAoqDLhRRCZx4AaABAg.A2sSy1BpWPDA2seppg-9Ol,youtube:UgwqMwp4JhFkSIqB_Mx4AaABAg.9Tq4D2p7c4q9Tq57_pVq3G,youtube,Terimakasih juga udah mampir. Sama2 bang
youtube:Ugw7fbK8K8UwF4E1Pe54AaABAg,youtube:Ugw8-Or7obt71PEZs2d4AaABAg.9LEcn0DJbRU9LFHZBSeXmc,youtube,Terimakasih. Sangat menginspirasi bagi kami yg baru belajar
youtube:Ugw7rnvx_9k8Hs0Y2tp4AaABAg.9WlKXWSBwhw9YQ6qs6gQKX,youtube:Ugw0cbn63ZMhC11Yabh4AaABAg.8qfzeODQ8K68rQXy0sjDKd,youtube,"@smarthydroponicbyronnytanu357 baik Pak,makasih"
youtube:Ugw8lPhS3VUDhKTgCxB4AaABAg.992ypnwGyOT9932-vx3qmP,youtube:UgwT8H0Gyv0gDaA7yxJ4AaABAg.97nOD645kxh97nU7tmCA8n,youtube,@urbangardeningofficial okay thank you very much!
youtube:UgwCojvvez-37R3XBvN4AaABAg.AOxyGs4qlE_AOzXrGygvUU,youtube:UgzjInhuijmau-ov3NV4AaABAg.9KoqLuJlnxx9Kou-5vahfR,youtube,"Sama-sama kak, semoga bermanfaat dan berhasil ya"
youtube:UgwDc92x98J6SJCKAHZ4AaABAg.9a20P4D1S0G9bCDlKVQ5Uo,youtube:Ugx2GouahleVnPoCwzN4AaABAg,youtube,Does spinach grow well on a vertical frame?
youtube:UgwDzzuLdvXmA6vWH2R4AaABAg.AYZG2yZbP-5Aag1q5aj9t3,youtube:Ugx9lzxeq6QT1z3JvzR4AaABAg.AWOyG_PIXkeAWPPsyE-mni,youtube,"Thank you for the kind words, so glad it was helpful and happy growing! 🤙"
youtube:UgwE5gZUvouqcOA199V4AaABAg,youtube:UgyiUBaMzq_64w1D32N4AaABAg,youtube,"Very good and useful video, thank you very much!"
youtube:UgwEZKd-iqytrsqgxd54AaABAg.AQ_1Jh1n91nAQ_7HCFhskz,youtube:UgyEx_CZSamrlVXalUR4AaABAg.AOelLQ4Z-QzAOfuGPH_4cU,youtube,Semoga bermanfaat dan semangat berkebunnn ☺️
youtube:UgwGIbtjdPJtnacRZfl4AaABAg.9wv8YmX1lgY9wvmGP6lvIQ,youtube:UgzG0Rz1XofjDROXP4Z4AaABAg.9tzE-SN5wUV9tzEmGUrgbl,youtube,Alhamdulillah sama sama Kak semoga bermanfaat
youtube:UgwHKq96xc2cA2oRbWh4AaABAg,youtube:UgwPDsrLHRBEZWpetCJ4AaABAg,youtube,sangat bermanfaat bang terima kasih ilmu nya🙏
youtube:UgwHMC85Sdz1Qz-pbhV4AaABAg,youtube:UgwlCFkG0r18pcyWZhN4AaABAg,youtube,"Terima kasih banyak . Sangat jelas , sangat membantu"
youtube:UgwIS14Sik6rZUTjHq14AaABAg,youtube:Ugw2FDnNgzNisUvw33J4AaABAg.AXgypdW2N_iAXh3OcoDOx6,youtube,Masyallah tabarakallah🤍🤍😍 bermanfaat banget terimakasih yaaa
youtube:UgwIWIPCSNElvDffowR4AaABAg.9fj6jVAYgRy9fj8ybsiewH,youtube:UgzfzH3CKy8DWQY-oO54AaABAg.9WUnIDKBlEI9WW1UK1IqGo,youtube,Thank you! I am so glad you find it helpful!
youtube:UgwMJban-qbn7XGPVvt4AaABAg,youtube:UgwV-9E9xbYjY-s1tyl4AaABAg,youtube,Link Pembelian Perlengkapan Tokopedia : AB mix 250 ml Serbuk AB mix 250 ml Cair Siap Pakai TDS Meter Hidroponik Syringe Takaran AB mix 20 ml Gelas Takar 250 ml Rockwool Siap Pakai -- Shopee : AB mix 250 ml Serbuk AB mix 250 ml Cair Siap Pakai TDS Meter Hidroponik Syringe Takaran AB mix 20 ml Gelas Takar 250 ml Rockwool Siap Pakai -- Lazada : AB mix 250 ml Serbuk AB mix 250 ml Cair Siap Pakai TDS Meter Hidroponik Syringe Takaran AB mix 20 ml Gelas Takar 250 ml Rockwool Siap Pakai Toko kami : Shopee : Tokopedia : Lazada :
youtube:UgwMmN_oV4N5700L6uN4AaABAg,youtube:UgxGzMpLyFVI76Mk-f94AaABAg,youtube,Terima kasih tutorialnya ini sangat bagus sekali cara menanam sayuran hidroponik.
youtube:UgwNFLpkkgv_Sw5Li814AaABAg.A5vYDRjrSvqA5x30GCjIue,youtube:UgzELSy9EYD7OF_z-3x4AaABAg.9vFMQTQ7uWh9vMXAcMpbkF,youtube,"These aeroponic towers are available on our website. To find out more about the available residential and commercial options, head over to this link:"
youtube:UgwNFbinVIG1Mrs-T_B4AaABAg.9K_56IUXckX9K_TmmaoTp7,youtube:Ugw1Sjsi0s6JXadXeop4AaABAg.9K5St_wmDH59K5z1cXdCt-,youtube,"bisa email dlu mas, ke iswansya13@gmail.com"
youtube:UgwNUkkOq9n8IHPKByl4AaABAg,youtube:UgzrG50MLR9y2jROK9R4AaABAg,youtube,ওয়াও সো নাইস ভাই গাছের গুড়া পচে যায় না পানির ভিতরে এত ভিজিয়ে রাখলে ❤
youtube:UgwNaiS3i24vmX5xKcZ4AaABAg.985ZQ8NTegg98ArBxCEPeD,youtube:UgyjX_rSXnGnyQueAa14AaABAg.93N8ZJh9vsu93N8tY5LiUI,youtube,silahkan dm ke instagram @hidroponikfarmkendari
youtube:UgwNqfIY91e8StiDfnZ4AaABAg,youtube:UgzzfPluclGvSTLSOEd4AaABAg,youtube,Magnesium sulphate Potassium nitrate Potassium sulphate Calcium nitrate Mono ammonium phosphate Mono potassium phosphate Micronate 15 how many grams I mix for cucumber tomato letus
youtube:UgwO3BJUfFYk2b1xDax4AaABAg,youtube:UgyLORzRu7rm3amU_i94AaABAg,youtube,Alhamdulillah dapat ilmu sangat bermanfaat sekali terimakasih banyak ilmunya
youtube:UgwPh6u3iEyhP76yjpR4AaABAg.9PVyJjGDEE49PXkF09zhhm,youtube:Ugy3bd1phmOHcm54UKB4AaABAg.9PX6vqUDRRL9PXEc6Payce,youtube,"In my experience, some brands of nutrients will throw off your pH during mixing - especially when using silicates in the beginning. A majority of people watching these videos are new to growing so I'm just attempting to instill best practices. Measure twice, cut once. And yes, I put Cal-mag in last so I can check where my PPM's are prior to adding. Thanks for the question!"
youtube:UgwQF5uQlhyCBfl2oBF4AaABAg,youtube:UgwPDsrLHRBEZWpetCJ4AaABAg,youtube,Terima kasih ilmunya sangat bermanfaat 👍
youtube:UgwQp2DeYLjrY97sGrh4AaABAg,youtube:UgyR2DT7-XkRTVczGVR4AaABAg,youtube,"Mantap,sangat bermanfaat terimakasih ilmunya."
youtube:UgwR5f2pWgCYmB11Opt4AaABAg,youtube:UgwNUkkOq9n8IHPKByl4AaABAg,youtube,ছাদ এর উপরে কলমি শাক চাষ সবজি গুলো সহজেই বড় হয়ে গেলো কোন প্রকার রাসায়নিক সার ছাড়ায়
youtube:UgwXsM6cnwk2Ye3oQvV4AaABAg.AZbFR8R5oWyAZbQj9rGqz8,youtube:UgyNE6ZiqdYLyGHZ6yR4AaABAg.AYvWDmsxo_VAYvbB4Z68Nw,youtube,Alhamdulillah terimakasih banyak ya kak sudah mampir semoga bermanfaat 😊😊
youtube:Ugwg1pV5ePq_ukveZwh4AaABAg.8vJ54FUmciH8vLVZyQp-Hb,youtube:UgzgZEHD8QnPGR_j3Bt4AaABAg.8qYlmoS6VTZ8qZy3o6q008,youtube,@smarthydroponicbyronnytanu357 terima kasih
youtube:UgwgGK0vzQcB1mcmJPp4AaABAg.AR43N-QCqZcAR4BKKkhXj_,youtube:UgzeUDS8fYRvk3znSAR4AaABAg,youtube,Terimakasih kak❤ semoga informasi nya bermanfaat😊
youtube:UgwgfHP7SgJU-tOqEyF4AaABAg,youtube:UgxbRmSXu4R238tWgD94AaABAg,youtube,Is it essential to pH your water when using deep water culture set ups
youtube:UgwhY1EtOLjnFxsWhTx4AaABAg,youtube:UgzCRNbwmpEP0JWW-7d4AaABAg,youtube,Sangat menginspirasi. Luar biasa semangatnya
youtube:UgwlGo3AUUpx6hHrAqx4AaABAg.9s46U4Sdk4G9s5O34lIcBN,youtube:UgyTJ_wzGJel2LKA3u94AaABAg.9mLTfxr67Th9makNaysKey,youtube,@yasminehidroponik makasih informasi nya ya pak
youtube:UgwoW5bKDOiEYUxKDkd4AaABAg,youtube:UgyGOndp5m0-dyD3WY54AaABAg,youtube,Is there a list of all the items needed for this project?
youtube:UgwpNn7gHpFS-NW6-0V4AaABAg,youtube:UgwzddfnIDESuaaTkaJ4AaABAg,youtube,Terimakasih telah memberikan ilmu yg berharga.
youtube:UgwpSKuTzPIh_fMpYqN4AaABAg,youtube:UgycoitzKve91y4RGQt4AaABAg,youtube,"thanks atas informasinya, sangat mengedukasi"
youtube:UgwrEg2c3LlJBh5r1MR4AaABAg.A7jorcY7TplA7l89UP5tjj,youtube:UgzMBvjia3aYS2BquXN4AaABAg.A-nBZTWEVseA-v4EMXRVLx,youtube,You can get these aeroponic towers on our website:
youtube:UgwtsCKNW92InjxKJud4AaABAg,youtube:UgztHKGGiH4cM3YK3014AaABAg,youtube,"Mantap.., majuterus petani melenial Indonesia"
youtube:Ugwu7PGP3Xo3PzzNswp4AaABAg,youtube:Ugwt3VAkUaHx7BfxkcB4AaABAg,youtube,Trimakasih ilmunya salam sukses pak ..maturnuwun
youtube:UgwuZYnLQRWl4BD4QkN4AaABAg.95zbai2wwBJ95zczBxx8fV,youtube:UgwuZYnLQRWl4BD4QkN4AaABAg.95zbai2wwBJ95zcodU1LuD,youtube,@hibarnita letak pembedanya jumlah ppm nya apa komposisinya bang?
youtube:UgwvgOv5D56sUEQdw6B4AaABAg,youtube:UgzQ41qvI87cTgWPwuh4AaABAg,youtube,Salpok sama vidio 😌✖️ Salpok sama sound 😭✔️
youtube:Ugww98Z8e4XNt0jKbLx4AaABAg.9hac6GvxvOl9hbH0obTI__,youtube:UgzD6pq-GhiJawjLCNJ4AaABAg.9hVgS9V_sLk9hYpvuKv0aU,youtube,"Iya kawanku jadi hasil kurang maksimal, terima kasih ya"
youtube:UgwwicM3tRXEsJ7dSBR4AaABAg.AI5wIjwByljAI6-tR8z6iy,youtube:Ugyl6NdQ8t50xiPSjH14AaABAg.9n6-ZEuJ6mk9n63IHnr5FO,youtube,"Alhamdulillah, semoga bermanfaat ya kak 🙏"
youtube:Ugwy9qoNdUE-v6fOmip4AaABAg,youtube:UgwXTGaFbj82-plFHQ14AaABAg,youtube,Terima kasih ilmunya ya kak salam santun 🙏🙏
youtube:UgwztEKN-yita3Q6D714AaABAg.Ab9eSTydILZAbAnYUWTlwW,youtube:Ugx7s3raAWPvyNDgGFB4AaABAg.AL5uqyAeiKzALAL1M4RJgV,youtube,"You are so welcome, I’m glad you found it helpful! 😊"
youtube:Ugx-xo44gTkSJCKMO_h4AaABAg.9dJowOIBB7A9dJt80zxCyX,youtube:UgzQzO6krju-NpwrRP94AaABAg.9TtviDSfFHP9TuHRShBMAJ,youtube,Thanks! Saved me a lot of money over the past decade.
youtube:Ugx1qczFqJkOxRYMQRt4AaABAg,youtube:UgyL3beZZzJ3p1AogYF4AaABAg,youtube,kreatif inofatif dan sangat bermanfaat sekali
youtube:Ugx3fhyBpLf4SZ_eaHV4AaABAg.9jRGAlT3Hth9jVM2zwS4nb,youtube:Ugxn4MdX_jHFNiemLjJ4AaABAg.97hhI-5M3r69An3bQg4Ob-,youtube,@smarthydroponicbyronnytanu357ok om makasih
youtube:Ugx5qBLb6X1d_33e1EV4AaABAg,youtube:UgzyvE9EK2SEAAY6Ivd4AaABAg,youtube,"Bermanfaat sekali, makasih tutorial nya 👍👍🙏"
youtube:Ugx612mYcLNZeCzKDll4AaABAg,youtube:UgyVlufSf3_czF3H8UJ4AaABAg,youtube,Sangat inspiratif. Terimakasih berbaginya
youtube:Ugx6ADuRZZEW3MPLW4B4AaABAg.AGpneEhTOL0AH0GHuIHP9y,youtube:UgxTh0a4nbZ08aFsr9t4AaABAg.A-EneafTKoWA-GZTX4-4my,youtube,"Yes, you can grow different crops on a single aeroponic tower because we use the same nutrients and watering intervals. You can grow over 160 crops, including leafy greens, aromatic herbs, vegetables, as well as fruits like strawberries and melons, and even edible flowers."
youtube:Ugx6wihIA04MpLaRHX54AaABAg,youtube:UgzYgKHZrMt9wSUk3RB4AaABAg,youtube,Terimakasih.. sangat bermanfaat... Salam
youtube:Ugx7s3raAWPvyNDgGFB4AaABAg.AL5uqyAeiKzALAL1M4RJgV,youtube:Ugzz0lSgHkNJ91sRuiZ4AaABAg.ACqT7Vt3KWeACtr2H-4bzc,youtube,"You're very welcome, I'm glad you found it helpful!"
youtube:Ugx9HLC45jm1D_Sfbjh4AaABAg.A72T76wrobhA730hXhtGaX,youtube:UgyocGtxQPC4Iw9jxqt4AaABAg.9zkMP7hNMzL9zkNcn2B64Z,youtube,"Nutrisi bernama AB mix Bisa didapatkan di toko pertanian, toko perlengkapan hidroponik jg bisa online shopp bosquu"
youtube:UgxACOnFGJF7gjuoMZ14AaABAg.AYwJl1GxtMBAYwK6pdPCxf,youtube:UgymSWoPVCckXqeDmd14AaABAg.AY4TmCSHSceAY4_c2LmUVV,youtube,"Baik terimakasih juga kak, sama sama semoga bermanfaat 😊😊"
youtube:UgxB0aRHW5Wk-Q0_sit4AaABAg,youtube:UgxPvCz4tGw7u2P9nQN4AaABAg,youtube,"Izin bertanya, jarak antar lubang berapa ya pak?"
youtube:UgxH-O7NaS6aLi6ifv14AaABAg.A5_xm3cnnW8A5czkgB8A5m,youtube:Ugwg1pV5ePq_ukveZwh4AaABAg.8vJ54FUmciH8vLVZyQp-Hb,youtube,@smarthydroponicbyronnytanu357 siap terima kasih pa
youtube:UgxHDiCbz-fvMHrZvOp4AaABAg,youtube:Ugz7FuL5Ef8BUbCLHdh4AaABAg,youtube,sungguh menyenangkan bermain tanaman hydroponik
youtube:UgxKu_AtJyuJVCgrMVJ4AaABAg,youtube:UgyjfHu3eWXAwp1E4pV4AaABAg,youtube,Om itu air nutrisi itu apa y om mohon info nya ya
youtube:UgxLx4gCDG_xKw7UJY94AaABAg,youtube:UgywippyHkkrQ3pzFfV4AaABAg,youtube,"Trima kasih infonya, sangat bermanfaat 🙏"
youtube:UgxMyaVn_S8Er-UineF4AaABAg,youtube:UgyGjlJPckskCQAHk4V4AaABAg,youtube,"terimakasih ilmunya pak, sangat bermanfaat"
youtube:UgxN1uP3DoJ4UMilrqZ4AaABAg.A_k_bkJwciIA_tUqRbV3OP,youtube:UgzsMLKBblH9fBdA13h4AaABAg.A_sm3uGJSxkA_tUk-Hymzx,youtube,"Bisa bang, pilih jenis yang Adaptif di dataran rendah , seperti jenis mencir, California, dan juga sagahonoka. Saya juga tanan soalnya"
youtube:UgxOmDzVNDn2y8SpSct4AaABAg.9lDVkLzlxCUAH1W3wXETz8,youtube:Ugz-E3Vs4RGtAEFHJAJ4AaABAg,youtube,Perawatan hidroponiknya gimana aja ya gan?
youtube:UgxOyR5O_Pl5JH0C6MF4AaABAg,youtube:UgwOCHPsESV-_1xEpGl4AaABAg,youtube,Diameteŕ lubang tanamnya berapa cm.bang?
youtube:UgxR3WHmRTOP4lAjDKZ4AaABAg,youtube:UgzuuX7ywOaD2frJo954AaABAg,youtube,Alhamdulillah sdh membagi ilmu bermanfaat terimakasih
youtube:UgxRL4JxaAos9UBka8V4AaABAg.AZsxIhr31d1AZt-J9moMZ_,youtube:UgwqMwp4JhFkSIqB_Mx4AaABAg.9Tq4D2p7c4q9Tq57_pVq3G,youtube,Oke siap kakak terima kasih banyak juga sudah mampir dan semoga bermanfaat ya
youtube:UgxRpVMTSdsyhm2Bsvx4AaABAg.AY6m-VGxwsOAY6mX6fXthx,youtube:UgzBpukjUJW1uggyn0Z4AaABAg.AXVGXBfIhlRAXVICm38shT,youtube,"Sama"" kak semoga bermanfaat ya, semangat💪😊😊"
youtube:UgxSQhU28vakGgPtDNR4AaABAg,youtube:UgzISYfvQFrjO5SV8dV4AaABAg.93eBerUQ9uw94M8nBfU6xK,youtube,Mantaabbb. Terima kasih ya pak. Semoga lancar selalu dan terus ber inovasi
youtube:UgxVFqErPVh0vma_VAp4AaABAg.AEbPNCaIML0AEd4uQ8--XH,youtube:UgyKNdFesZGMitqoBXx4AaABAg.AAKJrF419JGAAPyhuC9R85,youtube,"You can find more information about vertical farming with aeroponic towers by visiting our website, the link is in our bio. 🌱"
youtube:UgxWxt0gIiQfs0QNgO54AaABAg,youtube:Ugx98iMEf0OBC24EtN14AaABAg,youtube,"sangatt bsrmanfaat, kreatif dan berguna banget untuk lingkungan sekitar"
youtube:UgxYKx8oEBIAp8G3C5F4AaABAg.AYBXZRe3LmZAYBbJhUQIJc,youtube:UgyWxUlNQ0kcXhaFwxp4AaABAg.ACtibQIEZMzACtyS4ONzMR,youtube,"Ini pakai serabut pelepah kelapa kak, jika tidak ada bisa pakai kain flannel"
youtube:Ugx_skNNg9QC8iiis794AaABAg,youtube:UgwhY1EtOLjnFxsWhTx4AaABAg,youtube,Sangat menginspirasi. Semoga bisa melaksanakan
youtube:Ugx_zlMbHj6QPIIReLZ4AaABAg,youtube:UgwchBaXT9abzSZVD5V4AaABAg,youtube,Aku suka menanam sayur dan lain sebagainya
youtube:Ugxd3YH12WG8LH7Fd4V4AaABAg,youtube:Ugwwo90QT9oA6wYHXxd4AaABAg,youtube,"Masya Alloh,. terimakasih banyak ilmunya kak🙏"
youtube:UgxdKr8rQuycUCbCUg14AaABAg,youtube:UgzVr7rXXCr8JTFffuh4AaABAg,youtube,"MasyaAllah, semoga aku bisa berkebun seperti ini"
youtube:Ugxdt4dV9k-a49ypiLx4AaABAg,youtube:Ugzh821053AdCDIcKgV4AaABAg,youtube,اللهم بارك استمر يا بطل بس بلاش موسيقي في الفيديو 😊
youtube:UgxemKv2bRdgUms4EFN4AaABAg.9madKv1UkZx9mae8kHYETd,youtube:UgzuC_1M69bnnV3y0b94AaABAg.8u1JCfRswY78u1JSfQQ1yE,youtube,"Biasanya di toko pertanian ada pak, atau online juga ada pak"
youtube:UgxfDuvfuaqgwq6-t8V4AaABAg,youtube:UgyI_Xrrzi6DLym3IY14AaABAg,youtube,Tutorial sangat bermanfaat sekali..terima kasih kongsinya..
youtube:UgxfFYL18FiiyucJT3N4AaABAg,youtube:UgwLAyaPL57TumGtU0N4AaABAg.9AtPBaa37n09AtemluUPtR,youtube,Salut mas. Sangat bermanfaat semoga sukses sll terimakasih ilmunya
youtube:UgxhjTPfhPgiVSVuKnZ4AaABAg,youtube:Ugw5xyz8VquLbNsn0714AaABAg,youtube,Video yang sangat bermanfaat.. Terimakasih
youtube:UgxiWQTrF5I9cQPlQOR4AaABAg.AXnLSCTYabdAXoPWk8BuG0,youtube:UgyDoijeB0h5t6VU7pF4AaABAg.8cMMfSdzovU8cNcv5fpGry,youtube,"Thanks for the kind words, I appreciate it!"
youtube:UgxjZgbUfst0qOi6zoJ4AaABAg,youtube:Ugw__3zEPvxh9FjSZW94AaABAg,youtube,Sangat menginspirasi Terimakasih sharing nya 👍
youtube:Ugxl_iFjyEf0wrKQnRh4AaABAg.9jjnC1z2D0d9jmEVmhWpLW,youtube:UgwmearvrMlmJxzH2hd4AaABAg.8tXCGWPREgc8uTcMUOsMxI,youtube,@smarthydroponicbyronnytanu357 thanks infonya om
youtube:UgxldFbpdTUvKR4MxvZ4AaABAg,youtube:UgyCBeal7J68CRQKIUZ4AaABAg,youtube,Terimakasih tutorialnya semoga bermanfaat
youtube:Ugxm9nC5zOm_-65v6zp4AaABAg.9xYAXIDfsRx9x_SEO4VmjM,youtube:UgyspAzBVZ9ft46uvJF4AaABAg.9C1tL-6WcZl9Cdd9GCHCi9,youtube,"Semoga bermanfaat, terimakasih sudah berkunjung"
youtube:Ugxn4MdX_jHFNiemLjJ4AaABAg.97hhI-5M3r69An3bQg4Ob-,youtube:Ugwg1pV5ePq_ukveZwh4AaABAg.8vJ54FUmciH8vLVZyQp-Hb,youtube,@smarthydroponicbyronnytanu357 trima kasih
youtube:UgxnYS6_4JsFFgfQgZl4AaABAg,youtube:UgzCFAiplcS1VXFLQYN4AaABAg,youtube,Terima kasih. Tutorialnya mudah dimengerti dan diahami.
youtube:UgxoTP7PZFG8QpWzL6t4AaABAg,youtube:UgwqwDZBoRdwkMQfK6V4AaABAg,youtube,Matursuwun bang atas ilmu dan videonya ❤❤❤
youtube:Ugxqtz-i5nUC0tU3xQl4AaABAg.9v8bNkKvSjK9vAAmFdh4Qb,youtube:Ugxz3no053uLIzmb_WF4AaABAg.9f8U3zfJQ5Y9f9LAR4g6rL,youtube,I am glad you find it helpful. Happy gardening! Keep on Growin'!
youtube:UgxsoNUjrlbpNzB8TnN4AaABAg,youtube:UgwRp73FyEXkoDoYMel4AaABAg,youtube,"Kerenn, sangat bermanfaat dan menginspirasi"
youtube:UgxuxHfHOoblsHFTdWt4AaABAg,youtube:Ugy9jfW5g8ryBDB9MYt4AaABAg,youtube,Alhamdulillah syukur perkongsian ilmu yg bermanfaat sahabat 🤲🤲
youtube:UgxwDFDXNt7zINV92VN4AaABAg.AVzPgnce3TDAWARQlkmEn_,youtube:UgwJjjYhKuNo7yIU9Oh4AaABAg.AUppioad-UKAUqhiTVjB1b,youtube,You can find these aeroponic towers on our website. Just check out the link in our bio for all the details.
youtube:UgxxIdO0TAD0ty9ChJ14AaABAg.9AW9ipq229H9AWkd4VKqpC,youtube:UgwacYu_NUWu1NYwpZV4AaABAg.98V0VX1e0dF98VCBvca-Tf,youtube,Amiiin. Trimakasih sekali mas. Semoga bermanfaat nggeh
youtube:Ugxz-MMP-ThHZ3HCUMJ4AaABAg.A1pRt6lc4bwA1qNpFg11kP,youtube:UgzMBvjia3aYS2BquXN4AaABAg.A-nBZTWEVseA-v4EMXRVLx,youtube,These aeroponic towers can be found on our website:
youtube:Ugy-lQ7u3qPjdQeRTIV4AaABAg,youtube:Ugz9zqQhh5gHeXRlyUp4AaABAg,youtube,Sangat bermanfaat..terima kasih kongsinya..
youtube:Ugy-yY0eGfF3G_vOmjJ4AaABAg.9isbUo938HG9itsgvgDLY-,youtube:UgwI7NMy_0bDxGn4h4l4AaABAg.9hPBZ8RECJH9hPVnfmeIXA,youtube,5 ml nutrisi A +5 ml B utk 1 liter air kak
youtube:Ugy0C7GB8BNIevOfddl4AaABAg,youtube:UgzCZcDt1zTDHd0Gddl4AaABAg,youtube,terima kasih kak tutorialnya sangat bermanfaat 🙏
youtube:Ugy0EevqqDHLokUOLwZ4AaABAg.A14A5YT7t7FAH2J5Vy8_-C,youtube:UgxAXDl4VVSsl6TtvA54AaABAg.A-kfviRp2Z6AH1XJrACXXV,youtube,Perawatan hidroponik itu gimana ya gan setelah pindah tanam sehabis semai?
youtube:Ugy29WMCV_vZTvu6HKF4AaABAg.9PUKDn_IgFA9PUO60raZYO,youtube:UgyitrkaimUPAm9rdpZ4AaABAg.99-CRbZkgaE99-icU5-qED,youtube,Di toko pertanian atau toko online banyak yang jual
youtube:Ugy74lC9R2wilchaymp4AaABAg,youtube:UgyI00WdM9b-weSUnCB4AaABAg,youtube,Waalaikum salam dan terimakasih atas ilmunya pak
youtube:Ugy9ICWERwp9B58uu0d4AaABAg.9vXcDro7axe9vZvDbVyfNw,youtube:UgzusEtkFTPGuU3lN6B4AaABAg.9usZ3OOyyy-9ush-Wc7uQ-,youtube,alhamdulillah Om terima kasih semoga bermanfaat
youtube:UgyCBeal7J68CRQKIUZ4AaABAg,youtube:UgxeZDmxR4dH4pfNfoR4AaABAg,youtube,Terima kasih tutorial nya semoga bermanfaat
youtube:UgyCZtDvOg-WNhOVHZl4AaABAg,youtube:UgwqwDZBoRdwkMQfK6V4AaABAg,youtube,Matursuwun kak atas ilmu dan videonya ❤❤❤
youtube:UgyDSGETV7dXBEueJgN4AaABAg,youtube:UgzyvE9EK2SEAAY6Ivd4AaABAg,youtube,"Terimakasih tutorial nya ka,sangat bermanfaat.."
youtube:UgyIms10sj7red1dJvV4AaABAg,youtube:UgwtDfLZhxAzz2hANZt4AaABAg,youtube,Sangat bermanfaat ilmunya dan tutorial nya terimakasih bang
youtube:UgyLORzRu7rm3amU_i94AaABAg,youtube:UgzPCWUG-RuwLjZj_nN4AaABAg,youtube,terimakasih ilmunya sangat bermanfaat sekali 🙏🙏🙏
youtube:UgyLRirSm7DrXke7-bh4AaABAg.AYBto7OlL92AYButGce4ZL,youtube:UgyvDKlL13_gqjivNm94AaABAg.AXPficPbKsCAXPj70uKNjh,youtube,Siap kak.. sama sama semoga bermanfaat 😊😊
youtube:UgyLpOVqC7xuFexJS9N4AaABAg.AOwwvv-fpXDAOxaw2P8NPa,youtube:UgzadVG6usg376UJGYd4AaABAg.ANWbyY_5QYIANnADDTcScc,youtube,I will make a detailed video soon. Thank you
youtube:UgyNE6ZiqdYLyGHZ6yR4AaABAg.AYvWDmsxo_VAYvbB4Z68Nw,youtube:UgxxIGUQ7K4nSP0pIa14AaABAg.A5BahEkjS9UA5BcgZ5Ryq0,youtube,Terimakasih banyak kak semoga bermanfaat ya 🥰
youtube:UgyNuw7rKniNJx5RAiB4AaABAg.937iUz48-g5937idfuw3PL,youtube:UgzNMlDVh3DCexe0x6x4AaABAg.92dlfwXcvjD92dwYRfJDeO,youtube,"Di toko pertanian, di toko kimia juga ada. Di online juga ada. Cek deskripsi"
youtube:UgyQbNSGg5yHclQdcOt4AaABAg,youtube:UgxUQxZcbo6EWVhpeaV4AaABAg,youtube,Terimakasih bun videonya sangat bermanfaat sekali
youtube:UgyR2DT7-XkRTVczGVR4AaABAg,youtube:UgxUoTPpaPFsvMooVul4AaABAg,youtube,terima kasih bang ilmunya sangat bermanfaat
youtube:UgyUS403Zx9OFucLZXt4AaABAg,youtube:UgxUDVhYBgmqzmwYQG54AaABAg,youtube,Trimakasih ilmunya mas semoga bermanfaat😊
youtube:UgyUS403Zx9OFucLZXt4AaABAg.AOwDVBdIibXAPn4SLViMDl,youtube:UgzF17GAIuYlV4knqHV4AaABAg.9e2VK6ikrJo9e2qkWalyc6,youtube,"Semangat berkebunnn, kabari kalo panen ☺️"
youtube:UgyWwtk8MrgBbor-Cxx4AaABAg.AXiDDX5AWz_AXiKCtzVRfW,youtube:UgyjBkUQDL9INaX3ma54AaABAg.AXBCMoCkuDqAXBdUN8zsCb,youtube,"Siap kak,, sama sama semoga berhasil ya😊😊"
youtube:UgyWxEJOeLjy5t3rV3t4AaABAg,youtube:UgwkvQNF37wjJKeLa-V4AaABAg,youtube,Kreatif dan bermanfaat untuk lingkungan👍
youtube:UgyaZENR2KfgsPg6If14AaABAg.9vv4O3u58o19wAkDoN391m,youtube:UgxwcCsUacaTKx_9CXl4AaABAg.9IIk0UUo9yO9IJdv2QL_8-,youtube,"Terimakasih kembali, semoga bermanfaat ya"
youtube:Ugyak86_kCeu57VwfJt4AaABAg,youtube:UgydgwqdNS1qmxDsSoJ4AaABAg,youtube,"terimakasih tutorialnya ka,sangat mengispirasi 👍"
youtube:UgycPnkngcl1ItLAv0l4AaABAg.9HBCFT0v4pf9HCiRdS82nV,youtube:UgxxIdO0TAD0ty9ChJ14AaABAg.9AW9ipq229H9AWkd4VKqpC,youtube,Amiiinnn. Trimakasih mas. Semoga bermanfaat
youtube:UgycoitzKve91y4RGQt4AaABAg,youtube:UgxY6HgIFuwxvpMbVmZ4AaABAg,youtube,Terimakasih informasinya sangat bermanfaat
youtube:Ugycv74F9yYr-WNzG_F4AaABAg.AXh8icDw_2aAXhAvwIZBbb,youtube:UgyvDKlL13_gqjivNm94AaABAg.AXPficPbKsCAXPj70uKNjh,youtube,"Sama sama kak, mudah mudahan bermanfaat ya😊😊"
youtube:Ugydps-bEbhosC8s9_V4AaABAg,youtube:Uggl1U7CKH_GnngCoAEC,youtube,Thank you for sharing. Much appreciated!
youtube:UgyeCVkCjL4HDb_Ew_N4AaABAg,youtube:UgzCZcDt1zTDHd0Gddl4AaABAg,youtube,Makasih ya pak tutorial nya sangat bermanfaat
youtube:UgyiFfRl4iJj8L6RZzJ4AaABAg.A3yLW4WUpVsA3yNQ9kSpey,youtube:Ugw7MC3uAoqDLhRRCZx4AaABAg.A2sSy1BpWPDA2seppg-9Ol,youtube,"Sama2 bang, terimakasih juga udah mampir"
youtube:UgyjBkUQDL9INaX3ma54AaABAg.AXBCMoCkuDqAXBdUN8zsCb,youtube:Ugxvyq76SQrJ2y_Dw-14AaABAg.AR-HHRzscRvAR-Nk-wX_GW,youtube,Sama sama kak😊 yap betul sekali semoga bermanfaat
youtube:UgyjYIabVwcDYBJEJG14AaABAg,youtube:UgwkvQNF37wjJKeLa-V4AaABAg,youtube,"kreatif, dan menginspirasi bangett dn berguna untuk lingkungan"
youtube:Ugyjo6e3h9MyjefgNGB4AaABAg.A_Srrc4tUO_A_VvGinX3LP,youtube:UgyGNKLZcHLwsBipOy94AaABAg.AIdnjtLVK12AIelzWry7Iz,youtube,Awesome! So glad you found the video helpful. Happy growing
youtube:UgykNzWB4jIzb5WdvTp4AaABAg,youtube:UgxX4n-lhV91hbAEzwp4AaABAg,youtube,Semoga sukses selalu. Jenis apa ini bang
youtube:UgykSGcJwpZ6B2fGn3R4AaABAg,youtube:UgzS8lebQqPyoLuzPBN4AaABAg,youtube,"bang tanya, ini boleh kena hujan ga? makasi"
youtube:Ugylt2t7RDLuvJQR4cN4AaABAg.AW2gMbipB9lAW3AYzkY1Lb,youtube:UgxzEspUyuIJpnXKO3l4AaABAg.AVYbaRmGPS5AVpK4Wa2jdm,youtube,"Thank you so much for the kind words, happy growing to you too! 💚🌱"
youtube:UgymSWoPVCckXqeDmd14AaABAg.AY4TmCSHSceAY4_c2LmUVV,youtube:UgzZugz0nyNJ_FTn4r14AaABAg.AXQPq7LeB4dAXQUSOwenP2,youtube,Siap kak terimakasih banyak ya semoga bermanfaat 😊😊
youtube:UgynEwZ-G-S3fBslE-Z4AaABAg,youtube:UgwWmXwx89pUk6fkt8N4AaABAg,youtube,Sangat menginspirasi sekali dan sangat bermanfaat
youtube:UgynZ9OlMUmzDnfbe5N4AaABAg,youtube:UgwvF4PDxHT0JRCf5394AaABAg,youtube,salam kenal. assalamualaikum. ikut belajar pak. trimakasih
youtube:Ugyo-zeAVOoYCs93PnV4AaABAg,youtube:Ugx_AQWvJRgcrvKYvg94AaABAg,youtube,Video yang sangat bermanfaat dan positif😊
youtube:UgyoG3OulSnycGRveON4AaABAg.8rCisqGYu7R8rCsXjdS4IM,youtube:UgzgZEHD8QnPGR_j3Bt4AaABAg.8qYlmoS6VTZ8qZy3o6q008,youtube,@smarthydroponicbyronnytanu357 terimakasih banyak pak sharingnya
youtube:UgyocGtxQPC4Iw9jxqt4AaABAg.9zkMP7hNMzL9zkNcn2B64Z,youtube:UgweHxhLbbwTXK_FztZ4AaABAg.9eV5o1J8L2a9eVDUOTdHi9,youtube,"Nutrisi bernama AB mix Bisa didapat di toko pertanian, toko perlengkapan hidroponik jg bisa online shopp bosquu"
youtube:UgyonQ93EP7DpmxcRIR4AaABAg.9yO1YY6hD0m9ySZzF6utWg,youtube:UgwmEhCluub-4da7zlp4AaABAg.9xW0PepRgZS9xbXDoIA0kY,youtube,"You can find a range of these aeroponic towers on our website. Go ahead and visit our website to find out more about the different towers for residential and commercial use: Simply fill out the contact form if you're located outside the US, Canada, or Europe, and we'll be glad to assist you further."
youtube:Ugyp_UEoO63QUEccI7t4AaABAg.AXQ90wnR42qAXQGBMsW0dp,youtube:UgxsFzcFiMOFUrqitbh4AaABAg.AEc05R8WqwmAEcREpQe_4O,youtube,Awesome! Thank you very much! Keep on Growin'!
youtube:Ugypv-tRumkgPZfhc_F4AaABAg,youtube:UgwGF4vw0C_rAf5W9SZ4AaABAg,youtube,sir pwd po ba lupa instead of coco peat?
youtube:UgywV7gBFZYKmvlEpdh4AaABAg,youtube:UgwPDsrLHRBEZWpetCJ4AaABAg,youtube,"Bagus sekali . Terima kasih ya, utk ilmunya."
youtube:UgywVXCbUS1JRarImvJ4AaABAg,youtube:UgxFr15XpbSIUqC-qdF4AaABAg,youtube,Sangat bermanfaat ilmunya bang Terimakasih
youtube:Ugywb-DWlnm8i_EmHdl4AaABAg,youtube:UgyzfdB636FUHdhjXdx4AaABAg,youtube,Wah seger2 banget sayuran nya subur subur
youtube:UgywfJY17n3grUZhuGd4AaABAg,youtube:UgxeZDmxR4dH4pfNfoR4AaABAg,youtube,Makasih ka tutorialnya... sangat bermanfaat
youtube:Ugyxc4VGfamFB-QhtMt4AaABAg,youtube:Ugw0PWidpMlRuSz8rDd4AaABAg,youtube,Sir pwede bang mkabisita diha sa farm mo?
youtube:Ugz-sXnW0EKv0472OT14AaABAg,youtube:UgwVtqsGqExLATpmBf14AaABAg,youtube,This is my first time enjoying your YouTube channel. Great content! Looking forward to hearing more from you! Your video was so informative. Thank you so much!
youtube:Ugz-wL6xN9SWBoaoFet4AaABAg.AIqkSEGMFdOAIrS2iFbV0p,youtube:UgxslDEicJVqDgthP4J4AaABAg.AGYeDD3OXEKAGbKMhzRD7O,youtube,"The price of an aeroponic tower can differ based on the quantity selected, tower setup, and shipping country. To learn more, head over to our website by clicking the link in our bio."
youtube:Ugz1p95uSjCabapQbVl4AaABAg,youtube:Ugzh821053AdCDIcKgV4AaABAg,youtube,Alhamdulillah motivasinya dek aamiin.tetimakasi kecerdasan anak bangsa Indonesia ini.ya saya coba . sehat selalu ya dek aamiin.
youtube:Ugz3LCIlu2NAgK7itOh4AaABAg.9M3CnI3kX419M5L6epBGna,youtube:UgwONehS8bpeUz-MVEt4AaABAg.9LromhFxE1l9LsCzyDc5-1,youtube,Siap kawanku smg bermanfaat terima kasih ya
youtube:Ugz3gUtLny1cc9eS6bB4AaABAg.9I8PSPxg3OC9IFfl-4yiLU,youtube:Ugw52qj7AWpGnQDEk8Z4AaABAg.9EbjEEdO66l9EbkBKrA7ok,youtube,"Terima kasih sudah berkunjung kak, semoga bermanfaat 🙏"
youtube:Ugz5xf-TYfuSJlay8dZ4AaABAg,youtube:UgzHT26H4wbX2JIiP0J4AaABAg,youtube,Kalau di bekasi bisa ngga sih nanem strawberry?
youtube:Ugz95DZJ0f7j0rAVRD94AaABAg,youtube:UgySh73g6aZKls9SxYJ4AaABAg,youtube,Alhamdulillah terima kasih omm ilmunya 😊😅❤
youtube:UgzAAFMZ0hQSwwxhvmh4AaABAg.9sPwUbRjvje9sfJr8Gti8G,youtube:UgyBXSRvv1hSs13FevN4AaABAg.9rIXWKyot2y9sfIhB1L8YA,youtube,"Pakai pupuk hidroponik kak, AB mix daun 🙏"
youtube:UgzAunhOozpSlIlJKCB4AaABAg,youtube:Ugwt3VAkUaHx7BfxkcB4AaABAg,youtube,"Terimakasih ilmunya makasih, semoga sukses selalu"
youtube:UgzGezQOEL8u775SJsF4AaABAg.9o3UySHDlo79o3dTZT2jE9,youtube:UgxWRrE71KsF4KGqDPt4AaABAg.9nYaET0vYnl9o3dNURb6pM,youtube,"ubaha dulu H2O2 50 % ke 3 %. Takarannya 1,5 Ml untuk 1 Liter Air"
youtube:UgzGflF0I6muel1UzBp4AaABAg,youtube:UgwRQbpJ4auP63sOL4h4AaABAg,youtube,"Blitar hadir ☝ ajari donk kak, habis resend bingung 😅"
youtube:UgzGkGqYrkFAikvdM3J4AaABAg,youtube:Ugz9wjLOOoyRYdfo85N4AaABAg,youtube,Terima kasih ilmu nya kak. Sangat bermanfaat
youtube:UgzIBwoK3UHDaV1U_HJ4AaABAg.9B7LX3IdaTR9BZ_Te4wi1c,youtube:UgyErms0Ty4_Mg616n54AaABAg.9BM6A7Z2RN69BNmk3SrzW4,youtube,"Pipa panjang 2m, jarak 15 cm antar lubang, jarak antar pipa 20cm"
youtube:UgzK4eFG3wNY1OjEy154AaABAg,youtube:UgyQlatDGr0Slt2kmX54AaABAg,youtube,"Terima kasih sudah share ilmunya ,,semoga menjadi amal jariyah"
youtube:UgzLR1Uodv6VJwocQNV4AaABAg,youtube:Ugz7NzKPvmwp7zK3K_h4AaABAg,youtube,Obrigado por compartilhar seu conhecimento .
youtube:UgzMBvjia3aYS2BquXN4AaABAg.A-nBZTWEVseA-v4EMXRVLx,youtube:UgzdUW-eZzNdtOZxx2N4AaABAg.A-cuF_kWXxvA-kJfxdP2TZ,youtube,You can find these aeroponic towers on our website:
youtube:UgzMF5IEO1VV27Cl0bx4AaABAg.ASTxkKu8ovTAUGi1lxSmtl,youtube:UgyzdKXjkzljlLaLvuR4AaABAg.AU4hG50dTnlAUGhhKSX97-,youtube,pake lampu terang disinarin ke tanaman nya aja kak
youtube:UgzNUy2-PU1r9cAzZ9Z4AaABAg,youtube:UgzNCg8EAiczIOaNsEd4AaABAg,youtube,"itu hidroponik,, ada air nutrisi dibawahnya"
youtube:UgzOUoVX9KWBzMl5-Vd4AaABAg,youtube:UgxnnlJW7EdmJLWlaQp4AaABAg,youtube,"Trimakasih tutorialnya sngat berfmanfaat, akan sy coba.."
youtube:UgzP9k67VXGOVUJBoF54AaABAg,youtube:UgxjXKFSPsG8Ymkztix4AaABAg,youtube,Terimakasih ilmunya semoga jadi amal jariah aaminn
youtube:UgzQfVmNF-wTx9ssMJp4AaABAg,youtube:UgywVXCbUS1JRarImvJ4AaABAg,youtube,"Makasih bang ilmunya luar biasa bermanfaat,"
youtube:UgzSSpVgAem9yXhHsCp4AaABAg,youtube:UgxykqbUAL73oKydwlF4AaABAg,youtube,"Luar biasa👍🏼👍🏼,kreatif dan sangat menginspirasi."
youtube:UgzT7M-G9qrbU184JJB4AaABAg,youtube:UgyU3YDcciIxXWKVhlN4AaABAg,youtube,"this is my favorite video on hydroponics, and i've watched many, thanks!"
youtube:UgzTuVfvi-IeQzRvHPJ4AaABAg,youtube:UgxtkLglSOVSVT9bU6R4AaABAg,youtube,"It's not hydroponics , it's called aquaponics"
youtube:UgzWkVGHLx7ZFDkhZFp4AaABAg.AXrimtOyd1CAXv1_RUwiSx,youtube:UgwLQbfjO4fykXX6oaV4AaABAg.9n80-d245AL9n80xBPOw3M,youtube,"You're very welcome, thanks for watching!"
youtube:UgzXNJzzD2VhFfl9R0N4AaABAg.AZ7-M-t92wAAZEl1FnDEbh,youtube:UgxVFqErPVh0vma_VAp4AaABAg.AEbPNCaIML0AEd4uQ8--XH,youtube,We share more details about vertical farming with aeroponic towers on our website. You can check it out through the link in bio.
youtube:UgzYgKHZrMt9wSUk3RB4AaABAg,youtube:UgyxkEELYZCUkTyqmBV4AaABAg,youtube,Terima kasih...simel .bermanfaat sekali..
youtube:UgzYrlkkvsUmCRbGcAt4AaABAg.9XDLArY1ZcN9XQ9bGiVl82,youtube:UgzrBBgvb2gS_hB8WKB4AaABAg.9KzQYkkVv4d9KzZeMje5Fr,youtube,"Silahkan mas bisa dilihat di link berikut ini Terimakasih sudah berkunjung jangan lupa subscribe dan likenya supaya bisa terus update video terbaru dari kami selanjutnya, semoga video kami bermanfaat, terimakasih."
youtube:Ugz_XYsa-Mf9d7C6pdp4AaABAg,youtube:UgyDYSNBNq-b1d5oRIZ4AaABAg,youtube,What nutrients are you adding to the water?
youtube:UgzbHJPW2z-3h24bP_N4AaABAg,youtube:Ugwt3VAkUaHx7BfxkcB4AaABAg,youtube,Trimakasih masukannya semoga sukses dan bermanfaat faat.
youtube:UgzctKUa8GNdzPQKvS14AaABAg,youtube:UgwchBaXT9abzSZVD5V4AaABAg,youtube,Keren sekali saya suka menanam sayuran dan tumbuhan lainnya
youtube:Ugzcyt2TvPqwzRZvsNR4AaABAg,youtube:UgyTbAQRF8rdMXIqOEV4AaABAg,youtube,"sir, saan po ba makakabili ng calcium nitrate?"
youtube:Ugze0gp_UtgMe9jY2lV4AaABAg,youtube:UgyYFsjASdnCkCOeT454AaABAg,youtube,"Saya ingin bertanya, apakah penggunaan pipa PVC non-food grade aman untuk hidroponik sayuran? Mengingat stabilizer dan plasticizer dalam pipa PVC bisa larut ke air nutrisi dan mungkin terserap oleh tanaman, adakah cara untuk mengurangi risiko ini jika pipa food grade sulit ditemukan? Soalnya saya ada tugas P5 tentang hidroponik, takutnya saat sayur dikonsumsi malah berefek bahaya bagi yang makan sayurnya. Terima kasih 🙏"
youtube:UgzeJCTZ8100Ea0-JCd4AaABAg.9hg9S9GB3iw9hnKTiG5Ofj,youtube:Ugz3LCIlu2NAgK7itOh4AaABAg.9M3CnI3kX419M5L6epBGna,youtube,Siap kawanku smg bermanfaat ya terima kasih
youtube:Ugzg00vsW4x_7a24lK54AaABAg,youtube:UgxoKx6seL7f8__gxsF4AaABAg,youtube,total air di masing-masing bak berapa liter pak ?
youtube:Ugzg4kze_fN8galfLyp4AaABAg,youtube:UgxYhNfGfJPGkDN0XHl4AaABAg,youtube,air nutrisi itu kandungannya apa aja bahannya
youtube:UgzioA4tkPEU6BBoa114AaABAg.AawKdR1f8RUAawXUKy3nyl,youtube:UgwgLt3mQeiPiyszKSp4AaABAg.AXIpwxVUi9jAXIw6PcqCTS,youtube,Siap smaa sama kakak semoga Bermanfaat ya😊😊
youtube:UgzirT32dyS4mXVrQw14AaABAg,youtube:UgwjPlc5aW67yCnuJ7t4AaABAg,youtube,Alhamdulillah makasih kakak atas ilmunya
youtube:UgzkcwniG6iHuaXnwgd4AaABAg,youtube:UgzCi13bzFsx7W3JC8l4AaABAg,youtube,Betul ..menanam nnanam yg bikin happy🎉🎉🎉
youtube:UgzljuoXk0H6SWt0jB14AaABAg.AGkc9kldTzUAH0GkyJZgfo,youtube:Ugw4vtnNZV7KWlITgAJ4AaABAg.AEyFVGW9oA1AFEpafK1wE5,youtube,We use a 100% natural ionic mineral nutrient solution that provides all the essential minerals and trace elements for healthy plant growth.
youtube:UgzmAjHw1oiNdVCSEdl4AaABAg,youtube:Ugx3aKxZB0US1_RzG3R4AaABAg,youtube,Terimakasih tutorial nya sangat bermanfaat
youtube:UgzmDWWHR5lqKSet3ZB4AaABAg,youtube:UgyAa5NQ-wJqMb_Cx8N4AaABAg,youtube,Excellent video. Exactly what I was looking for.
youtube:Ugzms04UA9ypodtg7jp4AaABAg.A6tG7WPz3z5A6uijJYPhSC,youtube:Ugxz-MMP-ThHZ3HCUMJ4AaABAg.A1pRt6lc4bwA1qNpFg11kP,youtube,These are called aeroponic towers. You can find more information by visiting our website:
youtube:UgznhRjNt6g_Fj0ZIcZ4AaABAg.ABQv3BaCliqABVQ8NCekPT,youtube:Ugxn4MdX_jHFNiemLjJ4AaABAg.97hhI-5M3r69An3bQg4Ob-,youtube,@smarthydroponicbyronnytanu357 Terimakasih pak mudah2an berkah
youtube:UgzoFTopOBfFxfeXwmd4AaABAg.AIBFN40Dcw7AJqlJebVUe8,youtube:UgzoFTopOBfFxfeXwmd4AaABAg.AIBFN40Dcw7AJqkuscvp68,youtube,"​@IsmaAlfianangak ada lah,orang bikin pupuk kandang kan dari bahan alami seperti tai ayam,tai sapi,tai kau, juga bisa"
youtube:UgzpP8Tfkgzk1ysgaVB4AaABAg,youtube:UgxUoTPpaPFsvMooVul4AaABAg,youtube,Terima kasih atas ilmunya sangat bermanfaat
youtube:UgzpRrS9Hgt2IRqrDwN4AaABAg,youtube:UgzyvE9EK2SEAAY6Ivd4AaABAg,youtube,Sangat bermanfaat kak tutorialnya 👍 Terimakasih infonya
youtube:UgzqcVKZlpqBRWUckB94AaABAg.AZU_0gGij1RAZUayUSZR51,youtube:UgymSWoPVCckXqeDmd14AaABAg.AY4TmCSHSceAY4_c2LmUVV,youtube,Terima kasih kak sama-sama semoga bermanfaat😊
youtube:Ugzqoju_9AaGEei7_Kl4AaABAg,youtube:UgyRXRWHC-SZTvijPLt4AaABAg,youtube,Terimakasih telah berbagi informasinya..
youtube:UgzrUgJlzHet1cpfzQx4AaABAg,youtube:Ugwvfx-_HAh0SVnRXB54AaABAg,youtube,"Terima kasih tutorialnya, semoga sukses dan sehat selalu 👍🙏"
youtube:UgzuAkl2SrqwjfHyPsN4AaABAg.AEhkmCTElZYAVf_DyG66y2,youtube:UgzgTZQCB50enU2jQnB4AaABAg.AA5DxUE1o3wAVf_6C3GOdJ,youtube,Beli jadi banyak di online namanya AB mix
youtube:Ugzv-SOBugc0VZRs4d54AaABAg,youtube:UgzbsW1pBS93ZB9Gmw94AaABAg,youtube,"Terima kasih sharingnya, sangat bermanfaat"
youtube:Ugzxin5kYrG6Cz2XSsx4AaABAg.9wX4eNJoQQkA-Y8pHVkIRM,youtube:UgxBeE7mFy9Rsmpg31J4AaABAg,youtube,Mau nanya air nutrisi itu apa dan belinya dimana
